UTC=2026-08-09T03:21:45Z
Linux codespaces-8604ef 6.8.0-1052-azure #58~22.04.1-Ubuntu SMP Thu Mar 26 05:02:21 UTC 2026 x86_64 x86_64 x86_64 GNU/Linux
model name	: AMD EPYC 7763 64-Core Processor
rustc 1.97.1 (8bab26f4f 2026-07-14)
binary: rustc
commit-hash: 8bab26f4f68e0e26f0bb7960be334d5b520ea452
commit-date: 2026-07-14
host: x86_64-unknown-linux-gnu
release: 1.97.1
LLVM version: 22.1.6
cargo 1.97.1 (c980f4866 2026-06-30)
HEAD=ce114b56c20d015928d6642fcc4ee26f5a351b12
BASE=8df6471a78b5192f4d92f11b4b8302c549cf92e4
BRANCH=agent/pure-uor-float-fractal
RUSTFLAGS=
SOURCE_MANIFEST_BEGIN
ecc3c605f188856daae87aae5e9ca5536ce621970ec4c737febc6e7628dbc7f2  .cargo/config.toml
287d7784819bfdaf257aa5435fc92889ee6504228819f2b03e45e2a73aa67bc3  Cargo.lock
12c023ab4b58599fa168cbf5169f38685bda5de6b28c2a7c7cb4ebdc9eb4ce94  Cargo.toml
8b88c4460ed6c197d452b45557c9cb99099b686d8c54ed54db01505d8d4d733f  Justfile
a3748a09707fb97878197c196bc35fca599c91ef328a510432ffb46f5b72be76  crates/uor-matmul-codec/Cargo.toml
d366f8068fad13584272b256da2e7122cdc8cb6b64bce0c7bf72655073e4cf41  crates/uor-matmul-codec/src/codecs.rs
aab308efe9d95cffdeab99c8f4f3151089086b2d876498428f016f33561ef079  crates/uor-matmul-codec/src/e8.rs
ca608c9af4b112f530e4314455fcbafe6de9945d345c57eb93b996be9cad5370  crates/uor-matmul-codec/src/kappa.rs
eb9ec583db787689b0f3a0668d88ee768bd9fe6089ac145128ca578cb4ba7baf  crates/uor-matmul-codec/src/lib.rs
256f8873ba3fa8e3b694e9d5ab2ffc69bfbc04a551f114e7a4096a9e3f7b8251  crates/uor-matmul-codec/src/matrix.rs
a4dda3938a8914dcc019631deb4e2feebd9f780af6198997751ce3d775cf76cb  crates/uor-matmul-codec/src/tier.rs
b0354214bff95fc9557aa3d0b3fa269bf65639278d99a081b8251a7de7450b75  crates/uor-matmul-codec/tests/codec.rs
83c35d161c093bf3aeb4de5a71a13f1ac9a717ec52e07323b8a68f94169005b1  crates/uor-matmul-conformance/Cargo.toml
9a81a5a52e51b4bd6f5e203857bc4aad628f67065b9700cdfdbfb0a3daab0a90  crates/uor-matmul-conformance/src/harvest.rs
a3ca9272452c5ae1841b15e1e124c47cb93c6690e227ec408852e4d810d7e15e  crates/uor-matmul-conformance/src/lib.rs
878c72fe37b7e5f8d3480b741a7712d91e96bcee5a0c6f25a85f2a4f3ca1cd82  crates/uor-matmul-conformance/src/meta.rs
5c069814f323dd6881e2b32fd27cde0e05f842189a7559ef9b999fb258e83930  crates/uor-matmul-conformance/src/runner.rs
dcd43e34daf417bfefff4dfb25b1ecb5baecff441c0d802022893dfaa3b776e9  crates/uor-matmul-conformance/tests/bdd.rs
b9dd1275944b6706018f0ab423aaefd3d4b4714d78543c166ee27345a1882785  crates/uor-matmul-conformance/tests/cortex_m.rs
ef3a1c3d5cd8b1c5eca9fabd00fd363bcf037a0ec8f05c1624573198d484f292  crates/uor-matmul-conformance/tests/environment.rs
03bb9bd7397ab1d0ac37eeba86e9f3d22c16b579f8e94053254d3ca23aa825a2  crates/uor-matmul-conformance/tests/issue_census.rs
f002ae0b85104d8bc5fd4380da64f18b97cd9477088053869c336f5f88defeef  crates/uor-matmul-conformance/tests/public_float_api.rs
c47a02c29de56162af449046104866bbba6a4527759507cc48703e405622f0ea  crates/uor-matmul-conformance/tests/uor_float_foundation.rs
2c300eed4eb37979f66ce5930c020f826d8c293b8bbaab76e5f3a2eb744d211e  crates/uor-matmul-core/Cargo.toml
816248b24565d5b4a9dfa4f757bf88d53178d5a3073c224ba79860b99481b6e3  crates/uor-matmul-core/src/acc.rs
0b11d9e44a0f72fc7a5b37efc90df4134de7c74e1a5f727e96ff04c54a5d30c3  crates/uor-matmul-core/src/alphabet.rs
4078cf6ef3bd63260bb0d27902f565197073c38afdcbeb57952ce2dff2d8bfee  crates/uor-matmul-core/src/bounds.rs
7997af0edd72c99062b2485a5f9bd9e20be96dbae90115d544eebb91836721be  crates/uor-matmul-core/src/dot.rs
394d331f06bee3a1f29a9eb3ff129ecc0c2ff3ada4ac91262dd63e79bd4aa3a5  crates/uor-matmul-core/src/error.rs
0b5588f626e79848087645ae2f8a242845482a2c9aef8eb8586bbabc6ee005a9  crates/uor-matmul-core/src/float_atlas.rs
ee7e2b77a38222c32d1c6a9e330f4b28ecb925daa07d774a875842796c3c94cf  crates/uor-matmul-core/src/gauge.rs
a79ff11df5c9da8edfa6e8743cb0a17296459ef779e2bca75ad09363360935c0  crates/uor-matmul-core/src/generated.rs
bda5537d0834e752e743eeec1041bef69685921d0b0bdcd53a711f0dda7044a5  crates/uor-matmul-core/src/layout.rs
632aed2a42d205d4804c82ea3cfdce6e0cf7061b0bfb67d7df793b12deb78d8b  crates/uor-matmul-core/src/lib.rs
d018e7e1e35a70c883819c2110588bebf8fc50bc7f0983a95ee8941848f29096  crates/uor-matmul-core/src/policy.rs
073c870684cd9eb0b77492569bd24dc58b198fa4a23ed87f995e359ffc4d2f11  crates/uor-matmul-core/src/semiring.rs
6e05ca8d6ddb4f6e57e3122951760e85bedeab3b80eb32fe23abb944264575d8  crates/uor-matmul-core/src/tropical.rs
e4e164b385008754ce27a47854cf97d14b0efb6524f6c229a2505a818f243305  crates/uor-matmul-executor/Cargo.toml
7210c31a32aee66e478402df8d2dea577028986e3861879757ba8bed917f0b90  crates/uor-matmul-executor/build.rs
1db37395a3080c78d953d44ba62759fd09c254685041afed489f005d02e70e11  crates/uor-matmul-executor/src/main.rs
405d1e30217146f7c1fe5c62471fa6d8301412135a86763f1a2dc103f9501f62  crates/uor-matmul-gemm/Cargo.toml
af05a9c847b5729d9d6ed8305775f2fc6c916728331e051ced991944466d7330  crates/uor-matmul-gemm/src/coded.rs
c22852d855fd89094c0bea718575d3aa948ae77d8fc0a75f9972403a99c74035  crates/uor-matmul-gemm/src/collapse.rs
7e500c864e25a4c4ed732e1b9b2e017bbab89203e61c8f65eb928c2ced848718  crates/uor-matmul-gemm/src/driver.rs
5ba45a0eee9a4a9976e8e881abc8269effbfd50a8f62dfdf3eb794996875f314  crates/uor-matmul-gemm/src/epilogue.rs
867a6954f19a73b6a209ade7f8ce67ab48de9de760eb1b40c440edb7bc0a1724  crates/uor-matmul-gemm/src/float.rs
4a758e5d18b27bae51201999966040704ac214d4e5e832d5991d47aeaf49c36d  crates/uor-matmul-gemm/src/generated_atlas_dispatch.rs
0ec0bb16acc9db1a962609b0f0914c756a78cf8e777abef66534dc4a107d7b03  crates/uor-matmul-gemm/src/kernel.rs
127ab847939542253d03984452a2dda061d9055bbc9cdac7206a6025aee18669  crates/uor-matmul-gemm/src/lib.rs
f9b1be42fb06500aaa6d75cc7ed43859ee2be19289ccc680448f9c4790418568  crates/uor-matmul-gemm/src/partition.rs
0fb61e420dc5c461b6e453f80cc3e70c41ef00a665deeb39ec44fb0aaacb1488  crates/uor-matmul-gemm/src/scratch.rs
7bc222c62aa334728019269bdd9686ab9a70305e8d9bb4ee68d75623224bf27e  crates/uor-matmul-gemm/src/selection.rs
c58820cc020ca60e4c26c52e2d0c0267a674cc04f0e45d176aa8581f54d70757  crates/uor-matmul-gemm/src/strassen.rs
ba0c87262cb1f0a45cbb6fdf9ad8955f10264b3c05b99ab26f10e1cd4235ae67  crates/uor-matmul-gemm/src/tabulated.rs
2047339a519b525f7046cc413e777739cfd6a5dd4509c0795c36ddf48a973cf7  crates/uor-matmul-kernels/Cargo.toml
9d30dd557d21ff786eaa81c74de2194fdc278a252ddeb28c01c1db6974d51071  crates/uor-matmul-kernels/src/generated_capacity.rs
a742d42f37ec2d5b33bcd1e8f115bacdb10b9842b185daba3f28561a26fa1253  crates/uor-matmul-kernels/src/isa/absent_arm.rs
7453602845693593bdb9db630ceb72e577ec406bb400b61068ef860dd7c323d7  crates/uor-matmul-kernels/src/isa/absent_wasm.rs
3f312c5f846c48142ffa2f80e3024ce684a9d7fc5998f3597d3056efe6113496  crates/uor-matmul-kernels/src/isa/absent_x86.rs
9d7d6cc528d76a14ca45e695e83536966df338f9d524c92e284745b9efe44804  crates/uor-matmul-kernels/src/isa/arm.rs
e9d83a795cbda8d4c8a64817e91ff8bca47d1d9d48073c940e56ca354a1574d8  crates/uor-matmul-kernels/src/isa/mod.rs
1c8db4845c8172480744f7d14d640ae89c248bd1c238829f015d09d245f23efb  crates/uor-matmul-kernels/src/isa/portable.rs
289bc91c791c35cb76c4728b7a4165162931e186b1a28bdc624219e1972a8cae  crates/uor-matmul-kernels/src/isa/wasm.rs
5a55309cff22b3a100fff564bbd9d109f1f75b51abcca079053198aeeacb6ab9  crates/uor-matmul-kernels/src/isa/x86.rs
60d903dc770e46a2a738c476c86e4959b12bc31fbb38f1e45248613de2dae8c4  crates/uor-matmul-kernels/src/lib.rs
982d1216b9ba03b90ca5b50fc0b8877ecf0368a8a956887cc807fbdcb1d83407  crates/uor-matmul-kernels/src/lookup.rs
0335fb1cee003daf0f26824a85dedcb98ed91a016e800b186fff77cc1acdbe53  crates/uor-matmul-kernels/src/parity.rs
f277142e0c781ccc1516c83be0a7a47962b6c9b3276b4e7e77b3ecee16cae0de  crates/uor-matmul-kernels/src/spec.rs
ac7530987f5c569a4e3f99e82fb53a26c736aa4cfee811b899974b25ea3f1475  crates/uor-matmul-kernels/src/table.rs
9a2468a5ce75c4071238822d45fa5d67f59395c5ded393940c863318a35ba73b  crates/uor-matmul-kernels/src/tropical.rs
d58463131fb3faf96cd5f26ec13eb35191e21959a0caf447456a28e458ee0cf7  crates/uor-matmul-kernels/tests/native_nibble_lookup.rs
4ad824ffedf7f54a0b6b786ff037643aa1bde7ddff5492b00a8746c5c3a8ca86  crates/uor-matmul-kernels/tests/parity.rs
4c3be35867f6bd4b660004e1b3cef572b31aea547af855c4b9fa5c73ec75e392  crates/uor-matmul-kernels/tests/swar_sweep.rs
9c9904424dbe3c59ec0e98f5b1ecd91eb43d3228981ddfa9ff77f4966ff8ccaf  crates/uor-matmul-model/Cargo.toml
2f2d6ca1543a8ef2ae849d6b0cb2e9c50d1cb4096bec112705002115a991a1e8  crates/uor-matmul-model/src/codegen.rs
a75b8699d2581cb26b0fbf697e1b3a354c3f572706fa30496d1be68ee41805b8  crates/uor-matmul-model/src/derive.rs
afec40532e39899273a6644fb92c3a90ce81c48730c1684a0404194e78134416  crates/uor-matmul-model/src/lib.rs
111ee03e4a500a21e5e580d678bc5766e6834dab67d22904c6cf117f875a8d45  crates/uor-matmul-model/src/registry.rs
cd0fae521eda5a176c687fa84b5d99e4cbbe3e04a7aa1fdaa2ef0fb01a72e430  crates/uor-matmul-validate/Cargo.toml
f625fe12f2bd0f40c01170a7d6ae07b1c2d61d149c8962804d94811f7036e442  crates/uor-matmul-validate/benches/scaling.rs
60a396ab08b577a5cdccdd54bed8fbb61c7149f779ba94f166cc89f973f3d262  crates/uor-matmul-validate/benches/scaling/native_lookup.rs
b3bf139a4c123c99fb135de96d0bfa2f026c459b2820071e8e2179d4be6ba3ce  crates/uor-matmul-validate/examples/collapse_sweep.rs
1f0dc699534f2668f7f9600bef9d5ee24dd4299a7d90dbc636fb8a520e049dba  crates/uor-matmul-validate/examples/float_tabulation.rs
4b8e35cd32ab09c81d0d8fac2da08271566d92b34c2fc26f557b186a8c02afa5  crates/uor-matmul-validate/examples/oracle_sweep.rs
373b51178e7b746ec7cc448ae52399bfd69623f51395ba42222e8e8336374165  crates/uor-matmul-validate/examples/tabulation_breakeven.rs
8060c7d003ba8ee5d9302cba5a08c97d00ba2644d686d4edb3768742d7f96f0c  crates/uor-matmul-validate/examples/tabulation_sweep.rs
647ee6fb1b8251caf802c76edbae3c852cb4aa8cd7a4c99e42d82b35d793bd9c  crates/uor-matmul-validate/src/bin/benchmark_report.rs
6787a8fad80c31940421b9b548a1eb8d15c47ae3af3d30b1fba4072a8411f3a3  crates/uor-matmul-validate/src/coissue.rs
e0003e7116129aa74e25be4a5a7e110559176e81f169ce8b6a011ddb4ef48134  crates/uor-matmul-validate/src/corpus.rs
52ecf3fcbd8cefc44ecf7f32120e6f5f1ecc7914b50f1b9ec494e4e3b224317f  crates/uor-matmul-validate/src/counting.rs
4ac6d9bc06e43c5d206de79360f5e6005fa2b425c6b0ab080a5550460f6d4f24  crates/uor-matmul-validate/src/float_corpus.rs
842f12c581f27a2c3fd147c981f00cb47b9ffb45e806e062c1e4314c5d1e424a  crates/uor-matmul-validate/src/float_tab.rs
fded5ad9274c30496b641a30531ed71aa7f915d15e8f8df13265973b2da56111  crates/uor-matmul-validate/src/lib.rs
5cef60c58a8280f297cb4ff330ff57594f9ec77826207ba6e18d5b8c035e1260  crates/uor-matmul-validate/src/oracle.rs
d28272b499ee13ec6442174e08f9a90bcafbfe8fd2fb0b2862c2a877f701086c  crates/uor-matmul-validate/src/scaling.rs
a60aa96f016efb45964cd8d4bd08c98cca7ee828c19401d9ed397b00e4e9f902  crates/uor-matmul-validate/tests/block_sweep.rs
268b1e8a20ca7415c0bebd5505c53bc28a447eaefc1baf06dfe6179d387d718c  crates/uor-matmul-validate/tests/bridge_sweep.rs
8a5919d128702cb9adb1731730dafa3d6f498ffed33b1bec75c268013631ae87  crates/uor-matmul-validate/tests/common/mod.rs
85f9d5216161d5e4b419ab04c68b2dd6bae2aa8b61f23c7034c5740b4e3ea43a  crates/uor-matmul-validate/tests/cross_library.rs
87ec9b791a8792a0911a511b25f7b2012c542ea84c2c4f5a5c34c241f865047c  crates/uor-matmul-validate/tests/environment.rs
987e8ee5bc5fdea6f0d9e9bc973ccd042d68d25596687f33d935481353a9ebfe  crates/uor-matmul-validate/tests/float_oracles.rs
ff2344702706e101f6f1797d702f2c165d6c18468dfe8c10b2a387b73684063e  crates/uor-matmul-validate/tests/massive.rs
0cdb9d476ef124a56857226e95f60360e1c4b6c7ca790eed8d1472cd92309150  crates/uor-matmul-validate/tests/numpy.rs
329f0ee9ea5e8981a94957cc23234378338fa49665df6df9c1abe087cfda0627  crates/uor-matmul-validate/tests/provenance.rs
181eca87c2f7dcdeb1e6348edfc9503b7ecdd7cb6ab25ab642a0f87e56376c1f  crates/uor-matmul-validate/tests/scaling_report.rs
df4cdf4ad1128aa351f77c03555afc91306a89aea15b7973a5f4ba39360129da  crates/uor-matmul-validate/tests/selection.rs
eadd77d59845f671a0181480492709939b8680992699b2f9402f827931794da5  crates/uor-matmul-validate/tests/strassen.rs
0b6782018c95216bdfb3483c3c4bb864d2f7369f681cd2b12107bf767236704a  crates/uor-matmul-validate/tests/strassen_sweep.rs
d575c3cc349277b1b9342f214d522362731465b9b128d116f3ecbc8488831c44  crates/uor-matmul-validate/tests/symbol_bandwidth.rs
0b125d0e1b309570ddf5cce566e14392cd165d2a750c612a3ffe82d76400f965  crates/uor-matmul-validate/tests/symbol_corpus.rs
2d262d5465efb2f643f1ec383ffb9ceca1af2ddd61e1c55f0486dfb148d93c2f  crates/uor-matmul-validate/tests/symbol_tabulated_sweep.rs
7f8d6dc41aee66a4bbe30781399d7032dd42afb011a5fdb6a41916ba7f819c04  crates/uor-matmul-validate/tests/tropical_oracle.rs
bc7ca7ce854732ae979e8f5adda7ce48089a021c5f430f4617a9ec62e044358a  crates/uor-matmul-validate/tests/tropical_sweep.rs
0788eb16d5dfc3c3fafc0bdfd88da7e2e323e51c1069ffdc8f9da871db54e835  crates/uor-matmul-validate/tests/uor_float.rs
54162a9c91e6c4650fa82679e840295b590a263fc3e9721a806fa412ed6d8136  crates/uor-matmul-validate/tests/uor_float_sweep.rs
b76328a59dc6c3eeb8f2e37eb12ce95b6f79a5cc85d8f00ac101c9cf4772a162  crates/uor-matmul/Cargo.toml
436c16b0c166886df62fcb74cb4b06d4b45c1cc8e18ce18e152665e391e7c004  crates/uor-matmul/src/lib.rs
6fedafc056a256d966110a6f54a59595a32e63e350d6495b9e4dd729613edbef  crates/uor-matmul/src/raw.rs
09ac4be40355e5f38ab6c2656ef1a844e7b30734132dabe1179b79d084c3eedf  crates/uor-matmul/src/slice.rs
b8529462d5dec4d4b72ddebd9a1e925e458af4247663f9162b99e8024122cc4e  crates/uor-matmul/tests/auto.rs
62ecf66884c71051e98967d8d0a80a212b327e8e82249616055bd9c944857114  crates/uor-matmul/tests/float_workspace.rs
2dce5150fa72d943f6f383e985f3080ec61be7b943a4a3ac97e4820ec630e0f5  crates/uor-matmul/tests/raw.rs
eca644fb145a73089139f980260ad4e50910dba303e5540cd1857477d78a82e9  crates/uor-matmul/tests/workspace.rs
7cf7c40eae161c2f5652c470949032b41cb00b942f5424f0a9cc500be34d5d55  model/authorities.toml
306d0914490e07c8fe462ce38f7fa6d9588bb9b97937623f12a775f5f488fb76  model/constants.toml
a5aa81322cedaed1a8c2258ed4529edf51c26e035e1431bd0cc2f10afdb409ce  model/ids.toml
5faea90afbcdbcf789c8a6c30c9844b76b90eefccfe24eb2e5f4f01bf433f7b3  model/ledger.toml
f78155cf6d2cfc8b3beef0f6727de3fe3d94c8f36d59318dfa2063fcaf038ab7  model/oracles.toml
fe6c03698d871fc8556f3e6cc1388e3430053af63aa95a725fbaecc34f0d40b7  model/tiers.toml
61d95e052695a60da927ef5e3c3eeb2701a065f3f9f1ea9a7e529f2231578c75  model/widths.toml
ab31e7cd341da17e1574ed40c4a2e99433410ba2fbb659e39dcd3d7a4fd19677  rust-toolchain.toml
5e91b89bc80eeb2ac065ac6124a0753496292a0ebbfa4c84f8c252237cb26f84  xtask/Cargo.toml
7091eed20416a1a562ab5228c6246f41afe70b4f80750e69cd7b72379abb6616  xtask/src/api.rs
bddda08d78dd2e5d1c900597a835edff9bc353ec844cc5feff12202b22699003  xtask/src/audit.rs
1d91625c4ef277f319d2694d75d61187fe90d6d20404f83ebaec835c13cfc547  xtask/src/census.rs
97955fdf64cdc74ac67f7e6565e25559bd6a50d622f336fcdaa61d97a15dd0db  xtask/src/main.rs
a471feba4b38ec66a1c83f0eadd9b8a5c0e003083a7a4b920a4496e669ba641c  xtask/src/uor_float.rs
SOURCE_MANIFEST_AGGREGATE=7dc928ae373f2625723a25ba4ad7b2169fe7e2ac4f824ac60c55033f84672f2e
SOURCE_MANIFEST_END
INVOCATION=cargo test -p uor-matmul-validate --test symbol_tabulated_sweep symbol_tabulated_selector_structure_and_plants_cg_16 -- --exact --nocapture --test-threads=1
   Compiling uor-matmul-kernels v0.1.0 (/workspaces/uor-matmul/crates/uor-matmul-kernels)
   Compiling uor-matmul-gemm v0.1.0 (/workspaces/uor-matmul/crates/uor-matmul-gemm)
   Compiling uor-matmul v0.1.0 (/workspaces/uor-matmul/crates/uor-matmul)
   Compiling uor-matmul-validate v0.1.0 (/workspaces/uor-matmul/crates/uor-matmul-validate)
    Finished `test` profile [unoptimized + debuginfo] target(s) in 1m 00s
     Running tests/symbol_tabulated_sweep.rs (target/debug/deps/symbol_tabulated_sweep-86207cc51fcd7674)

running 1 test
test symbol_tabulated_selector_structure_and_plants_cg_16 ... ok

test result: ok. 1 passed; 0 failed; 0 ignored; 0 measured; 2 filtered out; finished in 0.19s

INVOCATION=cargo test -p uor-matmul-validate --test symbol_tabulated_sweep symbol_tabulated_replay_reconciles_live_census_cg_16 -- --exact --nocapture --test-threads=1
    Blocking waiting for file lock on build directory
    Finished `test` profile [unoptimized + debuginfo] target(s) in 0.77s
     Running tests/symbol_tabulated_sweep.rs (target/debug/deps/symbol_tabulated_sweep-86207cc51fcd7674)

running 1 test
test symbol_tabulated_replay_reconciles_live_census_cg_16 ... ok

test result: ok. 1 passed; 0 failed; 0 ignored; 0 measured; 2 filtered out; finished in 0.28s

INVOCATION=cargo test --release -p uor-matmul-validate --test symbol_tabulated_sweep symbol_tabulated_value_blind_boundary_cg_16 -- --exact --ignored --nocapture --test-threads=1
   Compiling uor-matmul-validate v0.1.0 (/workspaces/uor-matmul/crates/uor-matmul-validate)
    Finished `release` profile [optimized] target(s) in 2m 03s
     Running tests/symbol_tabulated_sweep.rs (target/release/deps/symbol_tabulated_sweep-87a34962900fbbd3)

running 1 test
test symbol_tabulated_value_blind_boundary_cg_16 ... CG-16 hash_prefix=16 q_ceiling=8935141660703064063 q_tag_base=8935141660703064064
model,coordinate,central_s,lower95_s,upper95_s
table,intercept,0.000000000000e0,0.000000000000e0,0.000000000000e0
table,columns,0.000000000000e0,0.000000000000e0,0.000000000000e0
table,hash_coordinates,0.000000000000e0,0.000000000000e0,0.000000000000e0
table,workspace_clear_words,0.000000000000e0,0.000000000000e0,0.000000000000e0
table,entry_attempt_ceiling,0.000000000000e0,0.000000000000e0,0.000000000000e0
table,activation_observations,2.599365675973e-7,1.862519544477e-7,2.599365675973e-7
table,book_site_ceiling,3.526873471359e-6,2.806512126802e-6,3.824597478214e-6
table,activation_projections,0.000000000000e0,0.000000000000e0,4.985484322154e-8
table,row_source_sites,0.000000000000e0,0.000000000000e0,0.000000000000e0
table,tile_source_sites,5.350799190515e-8,1.960738576672e-8,5.407633746164e-8
table,demand_build_ceiling,7.370964183721e-9,0.000000000000e0,1.505429687709e-8
table,resident_lane_words,0.000000000000e0,0.000000000000e0,0.000000000000e0
table,padding_words,0.000000000000e0,0.000000000000e0,0.000000000000e0
table,tile_block_presentations,1.407428467639e-5,5.561919238720e-6,1.613804397784e-5
dense,intercept,0.000000000000e0,0.000000000000e0,0.000000000000e0
dense,output_cells,1.337352815692e-6,1.282212321154e-6,2.292362055689e-6
dense,dense_decodes,0.000000000000e0,0.000000000000e0,4.044402620716e-9
dense,row_source_sites,1.578873174454e-7,1.487086387309e-7,1.863924841803e-7
dense,dense_calls,0.000000000000e0,0.000000000000e0,0.000000000000e0
dense,dense_joins,1.289809230917e-6,9.934483678814e-7,3.378223128524e-6
fit,table,active=5,rss=2.420251599492e-6
fit,dense,active=3,rss=1.158848535650e-5
calibration_key,ids,table_target_s,table_fit_s,dense_target_s,dense_fit_s
D1:M1:K1:N1:R1:C1:P1:PANEL17:EXACT1:LANE2:INDEX5,C01,3.781430626296e-7,1.792197367143e-5,2.643443278729e-7,1.495240133137e-6
D3:M1:K2:N3:R1:C3:P2:PANEL19:EXACT3:LANE11:INDEX19,C02,2.434142281313e-6,2.554005196219e-5,1.247057791448e-6,4.959382351748e-6
D3:M4:K64:N257:R4:C7:P64:PANEL19:EXACT28:LANE2052:INDEX2305,C26,1.087588819484e-3,1.687425683846e-3,1.628855303205e-2,1.574029275205e-2
D3:M16:K17:N17:R16:C17:P17:PANEL19:EXACT272:LANE1360:INDEX145,C06,4.249814666096e-5,1.168361679114e-4,1.176415283966e-3,1.093830921736e-3
D3:M16:K256:N1:R16:C1:P256:PANEL19:EXACT16:LANE16400:INDEX5,C21,5.176865653380e-4,1.133244601193e-3,6.977421923393e-4,9.363844173381e-4
D3:M31:K19:N33:R16:C4:P19:PANEL19:EXACT64:LANE1744:INDEX0,C14,1.494253805501e-3,1.073311071394e-3,4.959760334486e-3,4.436967719638e-3
D3:M31:K19:N33:R16:C4:P19:PANEL19:EXACT64:LANE1744:INDEX289,C13,1.532215888744e-3,1.073311071394e-3,4.910094464037e-3,4.436967719638e-3
D5:M2:K15:N5:R2:C5:P15:PANEL21:EXACT10:LANE250:INDEX37,C03,7.554294268876e-6,4.462549308154e-5,4.447663292360e-5,3.705662577372e-5
D5:M8:K33:N64:R8:C16:P33:PANEL21:EXACT128:LANE2624:INDEX0,C16,3.471417783099e-4,2.944823297018e-4,3.185570899674e-3,4.012771083421e-3
D5:M8:K33:N64:R8:C16:P33:PANEL21:EXACT128:LANE2624:INDEX320,C15,7.498213131998e-5,2.944823297018e-4,3.251891392304e-3,4.012771083421e-3
D5:M17:K21:N2:R16:C1:P21:PANEL21:EXACT16:LANE2720:INDEX10,C27,6.735956980363e-5,1.764864004418e-4,7.375048655307e-5,1.582015403895e-4
D5:M17:K43:N11:R16:C3:P43:PANEL21:EXACT48:LANE5680:INDEX75,C07+C29,1.913692812003e-4,4.301307590251e-4,7.689582208116e-5,2.002045548476e-3
D5:M17:K43:N11:R16:C3:P43:PANEL752:EXACT48:LANE5680:INDEX75,C08,2.488327107714e-4,4.301307590251e-4,6.611704596716e-4,1.519656896112e-3
D5:M33:K2:N7:R16:C3:P2:PANEL87:EXACT48:LANE368:INDEX39,C22,2.027780265578e-5,1.671114640186e-4,1.246782724742e-4,3.818724410846e-4
D16:M2:K31:N129:R2:C64:P31:PANEL32:EXACT128:LANE1250:INDEX0,C24,1.366348355637e-4,3.438283491105e-4,2.130862908852e-3,1.607819791376e-3
D16:M2:K31:N129:R2:C64:P31:PANEL32:EXACT128:LANE1250:INDEX1153,C23,8.094843043732e-5,3.438283491105e-4,2.152665955300e-3,1.607819791376e-3
D16:M3:K127:N9:R2:C9:P127:PANEL32:EXACT18:LANE4082:INDEX73,C17+C31,6.511733035389e-4,3.312086828302e-4,2.435626648463e-5,6.819786852481e-4
D16:M3:K127:N9:R2:C9:P127:PANEL413:EXACT18:LANE4082:INDEX73,C18,3.476477502810e-4,3.312086828302e-4,2.751185172474e-4,5.775041375438e-4
D16:M15:K16:N7:R8:C7:P16:PANEL32:EXACT56:LANE2104:INDEX39,C04,1.214104915148e-4,2.114666906728e-4,1.408459412560e-4,4.056727389559e-4
D16:M16:K65:N3:R16:C1:P65:PANEL32:EXACT16:LANE16688:INDEX19,C28,3.602027055220e-4,4.024183265468e-4,7.654355142401e-4,6.806230517508e-4
D16:M17:K1:N17:R16:C2:P1:PANEL32:EXACT32:LANE528:INDEX145,C09,2.960536011129e-5,3.181355017397e-4,9.730844993208e-5,4.321243984767e-4
D16:M17:K1:N17:R16:C2:P1:PANEL49:EXACT32:LANE528:INDEX145,C10,3.845954066437e-5,3.181355017397e-4,9.162587158498e-5,4.321243984767e-4
D256:M1:K257:N11:R1:C11:P128:PANEL272:EXACT11:LANE32779:INDEX75,C05,5.427511034531e-4,1.155862400080e-3,5.426959863866e-4,4.610583273906e-4
D256:M1:K4096:N4:R1:C2:P128:PANEL272:EXACT2:LANE32772:INDEX20,C20,3.139937139895e-3,2.993169175459e-3,3.209864455413e-3,2.669563774142e-3
D256:M1:K4096:N4:R1:C4:P128:PANEL272:EXACT4:LANE32772:INDEX20,C19+C32,3.496261626022e-3,2.979094890783e-3,1.079782966160e-3,2.669563774142e-3
D256:M2:K64:N65:R2:C8:P64:PANEL272:EXACT16:LANE32898:INDEX577,C11+C30,1.199257462298e-3,1.346739719742e-3,2.144214722466e-3,1.487478347185e-3
D256:M2:K64:N65:R2:C8:P64:PANEL400:EXACT16:LANE32898:INDEX577,C12,1.321924716376e-3,1.346739719742e-3,1.999891796270e-3,1.487478347185e-3
D256:M9:K8:N257:R8:C64:P8:PANEL272:EXACT512:LANE18440:INDEX2305,C25,1.614691977585e-3,1.418755072268e-3,5.848563561957e-3,6.014843984704e-3
sample_kind,split,id,key,round,route,seconds
split,id,D,m,k,n,predicted,table_mean_s,table_ci_s,dense_mean_s,dense_ci_s,ratio,ratio_ci_s,table_upper_prediction_s,dense_lower_prediction_s,distinct_columns,repeated_columns,hash_coordinates,call_entry_attempts,call_entry_full,build_entry_attempts,build_entry_full,scalar_calls,scalar_replays,safe_aggregates,fractured_aggregates,finite_tags,special_tags,capacity_flushes,singletons,tail_placements,build_contractions,gather_adds,full_q_rectangles,table_adds,dense_calls,table_batch,dense_batch,call_per_step
CAL,C01,1,1,1,1,dense,3.766060606e-7,1.537002023e-9,2.660019758e-7,1.657647898e-9,1.415905254e0,1.225786493e-2,0.000019305613063332422,0.0000014670836493717958,1,0,1,0,0,0,0,0,0,0,0,0,0,0,0,1,1,1,1,3,1,4609,8548,171805429006849
SAMPLE,CAL,C01,D1:M1:K1:N1:R1:C1:P1:PANEL17:EXACT1:LANE2:INDEX5,0,table,3.790405727924e-7
SAMPLE,CAL,C01,D1:M1:K1:N1:R1:C1:P1:PANEL17:EXACT1:LANE2:INDEX5,0,dense,2.628978708470e-7
SAMPLE,CAL,C01,D1:M1:K1:N1:R1:C1:P1:PANEL17:EXACT1:LANE2:INDEX5,1,table,3.747930136689e-7
SAMPLE,CAL,C01,D1:M1:K1:N1:R1:C1:P1:PANEL17:EXACT1:LANE2:INDEX5,1,dense,2.667632194665e-7
SAMPLE,CAL,C01,D1:M1:K1:N1:R1:C1:P1:PANEL17:EXACT1:LANE2:INDEX5,2,table,3.761909307876e-7
SAMPLE,CAL,C01,D1:M1:K1:N1:R1:C1:P1:PANEL17:EXACT1:LANE2:INDEX5,2,dense,2.645258540009e-7
SAMPLE,CAL,C01,D1:M1:K1:N1:R1:C1:P1:PANEL17:EXACT1:LANE2:INDEX5,3,table,3.727520069429e-7
SAMPLE,CAL,C01,D1:M1:K1:N1:R1:C1:P1:PANEL17:EXACT1:LANE2:INDEX5,3,dense,2.687288254562e-7
SAMPLE,CAL,C01,D1:M1:K1:N1:R1:C1:P1:PANEL17:EXACT1:LANE2:INDEX5,4,table,3.774126708614e-7
SAMPLE,CAL,C01,D1:M1:K1:N1:R1:C1:P1:PANEL17:EXACT1:LANE2:INDEX5,4,dense,2.681837856809e-7
SAMPLE,CAL,C01,D1:M1:K1:N1:R1:C1:P1:PANEL17:EXACT1:LANE2:INDEX5,5,table,3.757474506401e-7
SAMPLE,CAL,C01,D1:M1:K1:N1:R1:C1:P1:PANEL17:EXACT1:LANE2:INDEX5,5,dense,2.655244501638e-7
SAMPLE,CAL,C01,D1:M1:K1:N1:R1:C1:P1:PANEL17:EXACT1:LANE2:INDEX5,6,table,3.772430028206e-7
SAMPLE,CAL,C01,D1:M1:K1:N1:R1:C1:P1:PANEL17:EXACT1:LANE2:INDEX5,6,dense,2.633878100140e-7
SAMPLE,CAL,C01,D1:M1:K1:N1:R1:C1:P1:PANEL17:EXACT1:LANE2:INDEX5,7,table,3.773430245172e-7
SAMPLE,CAL,C01,D1:M1:K1:N1:R1:C1:P1:PANEL17:EXACT1:LANE2:INDEX5,7,dense,2.656709171736e-7
SAMPLE,CAL,C01,D1:M1:K1:N1:R1:C1:P1:PANEL17:EXACT1:LANE2:INDEX5,8,table,3.789318724235e-7
SAMPLE,CAL,C01,D1:M1:K1:N1:R1:C1:P1:PANEL17:EXACT1:LANE2:INDEX5,8,dense,2.683350491343e-7
CAL,C02,3,1,2,3,dense,2.031846108e-6,4.022961736e-7,1.539085096e-6,2.920273047e-7,1.339050163e0,2.274877320e-1,0.00002563802012502635,0.000004955347355064544,3,0,6,6,0,6,0,12,6,0,2,2,0,0,2,0,4,6,4,22,3,1483,2080,8935141660703064064
SAMPLE,CAL,C02,D3:M1:K2:N3:R1:C3:P2:PANEL19:EXACT3:LANE11:INDEX19,0,table,1.756589345920e-6
SAMPLE,CAL,C02,D3:M1:K2:N3:R1:C3:P2:PANEL19:EXACT3:LANE11:INDEX19,0,dense,1.345817788462e-6
SAMPLE,CAL,C02,D3:M1:K2:N3:R1:C3:P2:PANEL19:EXACT3:LANE11:INDEX19,1,table,1.696001348618e-6
SAMPLE,CAL,C02,D3:M1:K2:N3:R1:C3:P2:PANEL19:EXACT3:LANE11:INDEX19,1,dense,1.352435576923e-6
SAMPLE,CAL,C02,D3:M1:K2:N3:R1:C3:P2:PANEL19:EXACT3:LANE11:INDEX19,2,table,1.710141604855e-6
SAMPLE,CAL,C02,D3:M1:K2:N3:R1:C3:P2:PANEL19:EXACT3:LANE11:INDEX19,2,dense,1.329705769231e-6
SAMPLE,CAL,C02,D3:M1:K2:N3:R1:C3:P2:PANEL19:EXACT3:LANE11:INDEX19,3,table,1.684057316251e-6
SAMPLE,CAL,C02,D3:M1:K2:N3:R1:C3:P2:PANEL19:EXACT3:LANE11:INDEX19,3,dense,1.335610576923e-6
SAMPLE,CAL,C02,D3:M1:K2:N3:R1:C3:P2:PANEL19:EXACT3:LANE11:INDEX19,4,table,2.320180040459e-6
SAMPLE,CAL,C02,D3:M1:K2:N3:R1:C3:P2:PANEL19:EXACT3:LANE11:INDEX19,4,dense,2.221763942308e-6
SAMPLE,CAL,C02,D3:M1:K2:N3:R1:C3:P2:PANEL19:EXACT3:LANE11:INDEX19,5,table,2.944594740391e-6
SAMPLE,CAL,C02,D3:M1:K2:N3:R1:C3:P2:PANEL19:EXACT3:LANE11:INDEX19,5,dense,2.195436057692e-6
SAMPLE,CAL,C02,D3:M1:K2:N3:R1:C3:P2:PANEL19:EXACT3:LANE11:INDEX19,6,table,2.815507080243e-6
SAMPLE,CAL,C02,D3:M1:K2:N3:R1:C3:P2:PANEL19:EXACT3:LANE11:INDEX19,6,dense,1.343212019231e-6
SAMPLE,CAL,C02,D3:M1:K2:N3:R1:C3:P2:PANEL19:EXACT3:LANE11:INDEX19,7,table,1.676687795010e-6
SAMPLE,CAL,C02,D3:M1:K2:N3:R1:C3:P2:PANEL19:EXACT3:LANE11:INDEX19,7,dense,1.345957211538e-6
SAMPLE,CAL,C02,D3:M1:K2:N3:R1:C3:P2:PANEL19:EXACT3:LANE11:INDEX19,8,table,1.682855697910e-6
SAMPLE,CAL,C02,D3:M1:K2:N3:R1:C3:P2:PANEL19:EXACT3:LANE11:INDEX19,8,dense,1.381826923077e-6
CAL,C03,5,2,15,5,dense,6.960098240e-6,5.941960288e-7,4.468126731e-5,2.046343872e-7,1.557810605e-1,1.334789564e-2,0.00004462549308154478,0.000037056625773723054,5,0,75,75,0,75,0,0,0,0,0,0,0,0,0,1,146,150,146,296,5,423,69,281474943156225
SAMPLE,CAL,C03,D5:M2:K15:N5:R2:C5:P15:PANEL21:EXACT10:LANE250:INDEX37,0,table,6.568633569740e-6
SAMPLE,CAL,C03,D5:M2:K15:N5:R2:C5:P15:PANEL21:EXACT10:LANE250:INDEX37,0,dense,4.431714492754e-5
SAMPLE,CAL,C03,D5:M2:K15:N5:R2:C5:P15:PANEL21:EXACT10:LANE250:INDEX37,1,table,6.560531914894e-6
SAMPLE,CAL,C03,D5:M2:K15:N5:R2:C5:P15:PANEL21:EXACT10:LANE250:INDEX37,1,dense,4.510411594203e-5
SAMPLE,CAL,C03,D5:M2:K15:N5:R2:C5:P15:PANEL21:EXACT10:LANE250:INDEX37,2,table,8.940283687943e-6
SAMPLE,CAL,C03,D5:M2:K15:N5:R2:C5:P15:PANEL21:EXACT10:LANE250:INDEX37,2,dense,4.467520289855e-5
SAMPLE,CAL,C03,D5:M2:K15:N5:R2:C5:P15:PANEL21:EXACT10:LANE250:INDEX37,3,table,6.565721040189e-6
SAMPLE,CAL,C03,D5:M2:K15:N5:R2:C5:P15:PANEL21:EXACT10:LANE250:INDEX37,3,dense,4.485944927536e-5
SAMPLE,CAL,C03,D5:M2:K15:N5:R2:C5:P15:PANEL21:EXACT10:LANE250:INDEX37,4,table,7.132806146572e-6
SAMPLE,CAL,C03,D5:M2:K15:N5:R2:C5:P15:PANEL21:EXACT10:LANE250:INDEX37,4,dense,4.450691304348e-5
SAMPLE,CAL,C03,D5:M2:K15:N5:R2:C5:P15:PANEL21:EXACT10:LANE250:INDEX37,5,table,6.669411347518e-6
SAMPLE,CAL,C03,D5:M2:K15:N5:R2:C5:P15:PANEL21:EXACT10:LANE250:INDEX37,5,dense,4.485785507246e-5
SAMPLE,CAL,C03,D5:M2:K15:N5:R2:C5:P15:PANEL21:EXACT10:LANE250:INDEX37,6,table,6.573182033097e-6
SAMPLE,CAL,C03,D5:M2:K15:N5:R2:C5:P15:PANEL21:EXACT10:LANE250:INDEX37,6,dense,4.429565217391e-5
SAMPLE,CAL,C03,D5:M2:K15:N5:R2:C5:P15:PANEL21:EXACT10:LANE250:INDEX37,7,table,6.609158392435e-6
SAMPLE,CAL,C03,D5:M2:K15:N5:R2:C5:P15:PANEL21:EXACT10:LANE250:INDEX37,7,dense,4.478831884058e-5
SAMPLE,CAL,C03,D5:M2:K15:N5:R2:C5:P15:PANEL21:EXACT10:LANE250:INDEX37,8,table,7.021156028369e-6
SAMPLE,CAL,C03,D5:M2:K15:N5:R2:C5:P15:PANEL21:EXACT10:LANE250:INDEX37,8,dense,4.472675362319e-5
CAL,C04,16,15,16,7,table,1.000828620e-4,2.132762956e-5,1.743181444e-4,3.347220319e-5,5.718537314e-1,2.733641532e-2,0.00021146669067279776,0.0004056727389558541,7,0,112,112,0,448,0,896,448,0,64,0,64,0,64,0,1665,1680,240,3425,7,33,20,8935141660703064064
SAMPLE,CAL,C04,D16:M15:K16:N7:R8:C7:P16:PANEL32:EXACT56:LANE2104:INDEX39,0,table,8.467612121212e-5
SAMPLE,CAL,C04,D16:M15:K16:N7:R8:C7:P16:PANEL32:EXACT56:LANE2104:INDEX39,0,dense,1.522139000000e-4
SAMPLE,CAL,C04,D16:M15:K16:N7:R8:C7:P16:PANEL32:EXACT56:LANE2104:INDEX39,1,table,8.549127272727e-5
SAMPLE,CAL,C04,D16:M15:K16:N7:R8:C7:P16:PANEL32:EXACT56:LANE2104:INDEX39,1,dense,1.531220500000e-4
SAMPLE,CAL,C04,D16:M15:K16:N7:R8:C7:P16:PANEL32:EXACT56:LANE2104:INDEX39,2,table,1.489788181818e-4
SAMPLE,CAL,C04,D16:M15:K16:N7:R8:C7:P16:PANEL32:EXACT56:LANE2104:INDEX39,2,dense,2.507987500000e-4
SAMPLE,CAL,C04,D16:M15:K16:N7:R8:C7:P16:PANEL32:EXACT56:LANE2104:INDEX39,3,table,1.472719393939e-4
SAMPLE,CAL,C04,D16:M15:K16:N7:R8:C7:P16:PANEL32:EXACT56:LANE2104:INDEX39,3,dense,2.514239000000e-4
SAMPLE,CAL,C04,D16:M15:K16:N7:R8:C7:P16:PANEL32:EXACT56:LANE2104:INDEX39,4,table,1.000456969697e-4
SAMPLE,CAL,C04,D16:M15:K16:N7:R8:C7:P16:PANEL32:EXACT56:LANE2104:INDEX39,4,dense,1.527944500000e-4
SAMPLE,CAL,C04,D16:M15:K16:N7:R8:C7:P16:PANEL32:EXACT56:LANE2104:INDEX39,5,table,8.375772727273e-5
SAMPLE,CAL,C04,D16:M15:K16:N7:R8:C7:P16:PANEL32:EXACT56:LANE2104:INDEX39,5,dense,1.512736000000e-4
SAMPLE,CAL,C04,D16:M15:K16:N7:R8:C7:P16:PANEL32:EXACT56:LANE2104:INDEX39,6,table,8.323100000000e-5
SAMPLE,CAL,C04,D16:M15:K16:N7:R8:C7:P16:PANEL32:EXACT56:LANE2104:INDEX39,6,dense,1.539115000000e-4
SAMPLE,CAL,C04,D16:M15:K16:N7:R8:C7:P16:PANEL32:EXACT56:LANE2104:INDEX39,7,table,8.388703030303e-5
SAMPLE,CAL,C04,D16:M15:K16:N7:R8:C7:P16:PANEL32:EXACT56:LANE2104:INDEX39,7,dense,1.514579500000e-4
SAMPLE,CAL,C04,D16:M15:K16:N7:R8:C7:P16:PANEL32:EXACT56:LANE2104:INDEX39,8,table,8.340615151515e-5
SAMPLE,CAL,C04,D16:M15:K16:N7:R8:C7:P16:PANEL32:EXACT56:LANE2104:INDEX39,8,dense,1.518672000000e-4
CAL,C05,256,1,257,11,dense,4.517428889e-4,9.100821456e-5,6.481046111e-4,1.054086247e-4,6.961341446e-1,8.412307757e-2,0.0011558624000800176,0.00044939494370163635,11,0,176,33,1,2827,0,2827,0,257,0,0,0,68,0,1,2827,2827,2827,8481,11,8,6,4611685468671590400
SAMPLE,CAL,C05,D256:M1:K257:N11:R1:C11:P128:PANEL272:EXACT11:LANE32779:INDEX75,0,table,3.818233750000e-4
SAMPLE,CAL,C05,D256:M1:K257:N11:R1:C11:P128:PANEL272:EXACT11:LANE32779:INDEX75,0,dense,6.042035000000e-4
SAMPLE,CAL,C05,D256:M1:K257:N11:R1:C11:P128:PANEL272:EXACT11:LANE32779:INDEX75,1,table,3.724558750000e-4
SAMPLE,CAL,C05,D256:M1:K257:N11:R1:C11:P128:PANEL272:EXACT11:LANE32779:INDEX75,1,dense,5.699663333333e-4
SAMPLE,CAL,C05,D256:M1:K257:N11:R1:C11:P128:PANEL272:EXACT11:LANE32779:INDEX75,2,table,5.576887500000e-4
SAMPLE,CAL,C05,D256:M1:K257:N11:R1:C11:P128:PANEL272:EXACT11:LANE32779:INDEX75,2,dense,5.706708333333e-4
SAMPLE,CAL,C05,D256:M1:K257:N11:R1:C11:P128:PANEL272:EXACT11:LANE32779:INDEX75,3,table,3.718772500000e-4
SAMPLE,CAL,C05,D256:M1:K257:N11:R1:C11:P128:PANEL272:EXACT11:LANE32779:INDEX75,3,dense,5.760243333333e-4
SAMPLE,CAL,C05,D256:M1:K257:N11:R1:C11:P128:PANEL272:EXACT11:LANE32779:INDEX75,4,table,3.719798750000e-4
SAMPLE,CAL,C05,D256:M1:K257:N11:R1:C11:P128:PANEL272:EXACT11:LANE32779:INDEX75,4,dense,5.813051666667e-4
SAMPLE,CAL,C05,D256:M1:K257:N11:R1:C11:P128:PANEL272:EXACT11:LANE32779:INDEX75,5,table,3.724283750000e-4
SAMPLE,CAL,C05,D256:M1:K257:N11:R1:C11:P128:PANEL272:EXACT11:LANE32779:INDEX75,5,dense,5.825280000000e-4
SAMPLE,CAL,C05,D256:M1:K257:N11:R1:C11:P128:PANEL272:EXACT11:LANE32779:INDEX75,6,table,3.761702500000e-4
SAMPLE,CAL,C05,D256:M1:K257:N11:R1:C11:P128:PANEL272:EXACT11:LANE32779:INDEX75,6,dense,5.710683333333e-4
SAMPLE,CAL,C05,D256:M1:K257:N11:R1:C11:P128:PANEL272:EXACT11:LANE32779:INDEX75,7,table,6.082818750000e-4
SAMPLE,CAL,C05,D256:M1:K257:N11:R1:C11:P128:PANEL272:EXACT11:LANE32779:INDEX75,7,dense,8.679125000000e-4
SAMPLE,CAL,C05,D256:M1:K257:N11:R1:C11:P128:PANEL272:EXACT11:LANE32779:INDEX75,8,table,6.529803750000e-4
SAMPLE,CAL,C05,D256:M1:K257:N11:R1:C11:P128:PANEL272:EXACT11:LANE32779:INDEX75,8,dense,9.092625000000e-4
CAL,C06,3,16,17,17,table,4.226874510e-5,2.294015629e-7,1.183854778e-3,7.439493812e-6,3.570739819e-2,3.646205277e-4,0.00011683616791142804,0.001093830921735539,3,14,272,289,0,51,0,0,0,0,0,0,0,0,0,1,784,816,784,1600,17,51,3,281474943156225
SAMPLE,CAL,C06,D3:M16:K17:N17:R16:C17:P17:PANEL19:EXACT272:LANE1360:INDEX145,0,table,4.292319607843e-5
SAMPLE,CAL,C06,D3:M16:K17:N17:R16:C17:P17:PANEL19:EXACT272:LANE1360:INDEX145,0,dense,1.173802333333e-3
SAMPLE,CAL,C06,D3:M16:K17:N17:R16:C17:P17:PANEL19:EXACT272:LANE1360:INDEX145,1,table,4.207258823529e-5
SAMPLE,CAL,C06,D3:M16:K17:N17:R16:C17:P17:PANEL19:EXACT272:LANE1360:INDEX145,1,dense,1.179225666667e-3
SAMPLE,CAL,C06,D3:M16:K17:N17:R16:C17:P17:PANEL19:EXACT272:LANE1360:INDEX145,2,table,4.206119607843e-5
SAMPLE,CAL,C06,D3:M16:K17:N17:R16:C17:P17:PANEL19:EXACT272:LANE1360:INDEX145,2,dense,1.183797666667e-3
SAMPLE,CAL,C06,D3:M16:K17:N17:R16:C17:P17:PANEL19:EXACT272:LANE1360:INDEX145,3,table,4.214329411765e-5
SAMPLE,CAL,C06,D3:M16:K17:N17:R16:C17:P17:PANEL19:EXACT272:LANE1360:INDEX145,3,dense,1.181139333333e-3
SAMPLE,CAL,C06,D3:M16:K17:N17:R16:C17:P17:PANEL19:EXACT272:LANE1360:INDEX145,4,table,4.223425490196e-5
SAMPLE,CAL,C06,D3:M16:K17:N17:R16:C17:P17:PANEL19:EXACT272:LANE1360:INDEX145,4,dense,1.191128000000e-3
SAMPLE,CAL,C06,D3:M16:K17:N17:R16:C17:P17:PANEL19:EXACT272:LANE1360:INDEX145,5,table,4.219574509804e-5
SAMPLE,CAL,C06,D3:M16:K17:N17:R16:C17:P17:PANEL19:EXACT272:LANE1360:INDEX145,5,dense,1.181690333333e-3
SAMPLE,CAL,C06,D3:M16:K17:N17:R16:C17:P17:PANEL19:EXACT272:LANE1360:INDEX145,6,table,4.260356862745e-5
SAMPLE,CAL,C06,D3:M16:K17:N17:R16:C17:P17:PANEL19:EXACT272:LANE1360:INDEX145,6,dense,1.177596000000e-3
SAMPLE,CAL,C06,D3:M16:K17:N17:R16:C17:P17:PANEL19:EXACT272:LANE1360:INDEX145,7,table,4.214782352941e-5
SAMPLE,CAL,C06,D3:M16:K17:N17:R16:C17:P17:PANEL19:EXACT272:LANE1360:INDEX145,7,dense,1.179933666667e-3
SAMPLE,CAL,C06,D3:M16:K17:N17:R16:C17:P17:PANEL19:EXACT272:LANE1360:INDEX145,8,table,4.203703921569e-5
SAMPLE,CAL,C06,D3:M16:K17:N17:R16:C17:P17:PANEL19:EXACT272:LANE1360:INDEX145,8,dense,1.206380000000e-3
CAL,C07,5,17,43,11,table,1.576426578e-4,3.372662342e-5,1.931735944e-3,3.458426405e-4,8.103940040e-2,6.352753894e-3,0.00044761526314416916,0.002002045548475606,3,8,176,473,0,516,0,0,0,0,0,0,0,0,0,8,2958,4386,2958,7344,561,25,2,281474943156225
SAMPLE,CAL,C07,D5:M17:K43:N11:R16:C3:P43:PANEL21:EXACT48:LANE5680:INDEX75,0,table,1.200599200000e-4
SAMPLE,CAL,C07,D5:M17:K43:N11:R16:C3:P43:PANEL21:EXACT48:LANE5680:INDEX75,0,dense,1.572142000000e-3
SAMPLE,CAL,C07,D5:M17:K43:N11:R16:C3:P43:PANEL21:EXACT48:LANE5680:INDEX75,1,table,2.078472000000e-4
SAMPLE,CAL,C07,D5:M17:K43:N11:R16:C3:P43:PANEL21:EXACT48:LANE5680:INDEX75,1,dense,2.142796000000e-3
SAMPLE,CAL,C07,D5:M17:K43:N11:R16:C3:P43:PANEL21:EXACT48:LANE5680:INDEX75,2,table,2.021886800000e-4
SAMPLE,CAL,C07,D5:M17:K43:N11:R16:C3:P43:PANEL21:EXACT48:LANE5680:INDEX75,2,dense,2.599843500000e-3
SAMPLE,CAL,C07,D5:M17:K43:N11:R16:C3:P43:PANEL21:EXACT48:LANE5680:INDEX75,3,table,1.998130400000e-4
SAMPLE,CAL,C07,D5:M17:K43:N11:R16:C3:P43:PANEL21:EXACT48:LANE5680:INDEX75,3,dense,2.584890500000e-3
SAMPLE,CAL,C07,D5:M17:K43:N11:R16:C3:P43:PANEL21:EXACT48:LANE5680:INDEX75,4,table,2.054832400000e-4
SAMPLE,CAL,C07,D5:M17:K43:N11:R16:C3:P43:PANEL21:EXACT48:LANE5680:INDEX75,4,dense,2.184980000000e-3
SAMPLE,CAL,C07,D5:M17:K43:N11:R16:C3:P43:PANEL21:EXACT48:LANE5680:INDEX75,5,table,1.218051600000e-4
SAMPLE,CAL,C07,D5:M17:K43:N11:R16:C3:P43:PANEL21:EXACT48:LANE5680:INDEX75,5,dense,1.573369000000e-3
SAMPLE,CAL,C07,D5:M17:K43:N11:R16:C3:P43:PANEL21:EXACT48:LANE5680:INDEX75,6,table,1.209675600000e-4
SAMPLE,CAL,C07,D5:M17:K43:N11:R16:C3:P43:PANEL21:EXACT48:LANE5680:INDEX75,6,dense,1.569587500000e-3
SAMPLE,CAL,C07,D5:M17:K43:N11:R16:C3:P43:PANEL21:EXACT48:LANE5680:INDEX75,7,table,1.201580800000e-4
SAMPLE,CAL,C07,D5:M17:K43:N11:R16:C3:P43:PANEL21:EXACT48:LANE5680:INDEX75,7,dense,1.585276500000e-3
SAMPLE,CAL,C07,D5:M17:K43:N11:R16:C3:P43:PANEL21:EXACT48:LANE5680:INDEX75,8,table,1.204610400000e-4
SAMPLE,CAL,C07,D5:M17:K43:N11:R16:C3:P43:PANEL21:EXACT48:LANE5680:INDEX75,8,dense,1.572738500000e-3
CAL,C08,5,17,43,11,table,2.041136013e-4,4.471910946e-5,7.864805556e-4,1.253100959e-4,2.568164853e-1,1.777380774e-2,0.000430130759025077,0.0015196568961124883,3,8,176,473,0,516,0,1016,500,11,333,24,309,8,333,3,2958,4386,385,7436,22,17,5,8935141660703064064
SAMPLE,CAL,C08,D5:M17:K43:N11:R16:C3:P43:PANEL752:EXACT48:LANE5680:INDEX75,0,table,1.759811764706e-4
SAMPLE,CAL,C08,D5:M17:K43:N11:R16:C3:P43:PANEL752:EXACT48:LANE5680:INDEX75,0,dense,7.053114000000e-4
SAMPLE,CAL,C08,D5:M17:K43:N11:R16:C3:P43:PANEL752:EXACT48:LANE5680:INDEX75,1,table,1.748914117647e-4
SAMPLE,CAL,C08,D5:M17:K43:N11:R16:C3:P43:PANEL752:EXACT48:LANE5680:INDEX75,1,dense,6.905820000000e-4
SAMPLE,CAL,C08,D5:M17:K43:N11:R16:C3:P43:PANEL752:EXACT48:LANE5680:INDEX75,2,table,1.734540588235e-4
SAMPLE,CAL,C08,D5:M17:K43:N11:R16:C3:P43:PANEL752:EXACT48:LANE5680:INDEX75,2,dense,7.228018000000e-4
SAMPLE,CAL,C08,D5:M17:K43:N11:R16:C3:P43:PANEL752:EXACT48:LANE5680:INDEX75,3,table,1.773720000000e-4
SAMPLE,CAL,C08,D5:M17:K43:N11:R16:C3:P43:PANEL752:EXACT48:LANE5680:INDEX75,3,dense,7.252986000000e-4
SAMPLE,CAL,C08,D5:M17:K43:N11:R16:C3:P43:PANEL752:EXACT48:LANE5680:INDEX75,4,table,1.743074705882e-4
SAMPLE,CAL,C08,D5:M17:K43:N11:R16:C3:P43:PANEL752:EXACT48:LANE5680:INDEX75,4,dense,6.921870000000e-4
SAMPLE,CAL,C08,D5:M17:K43:N11:R16:C3:P43:PANEL752:EXACT48:LANE5680:INDEX75,5,table,1.750228823529e-4
SAMPLE,CAL,C08,D5:M17:K43:N11:R16:C3:P43:PANEL752:EXACT48:LANE5680:INDEX75,5,dense,6.896142000000e-4
SAMPLE,CAL,C08,D5:M17:K43:N11:R16:C3:P43:PANEL752:EXACT48:LANE5680:INDEX75,6,table,1.726767058824e-4
SAMPLE,CAL,C08,D5:M17:K43:N11:R16:C3:P43:PANEL752:EXACT48:LANE5680:INDEX75,6,dense,7.238700000000e-4
SAMPLE,CAL,C08,D5:M17:K43:N11:R16:C3:P43:PANEL752:EXACT48:LANE5680:INDEX75,7,table,3.032980000000e-4
SAMPLE,CAL,C08,D5:M17:K43:N11:R16:C3:P43:PANEL752:EXACT48:LANE5680:INDEX75,7,dense,1.143172000000e-3
SAMPLE,CAL,C08,D5:M17:K43:N11:R16:C3:P43:PANEL752:EXACT48:LANE5680:INDEX75,8,table,3.100187058824e-4
SAMPLE,CAL,C08,D5:M17:K43:N11:R16:C3:P43:PANEL752:EXACT48:LANE5680:INDEX75,8,dense,9.854880000000e-4
CAL,C09,16,17,1,17,table,2.933429303e-5,2.710670830e-7,9.790039785e-5,5.919479174e-7,2.996604756e-1,3.862095913e-3,0.0003425721644786154,0.00042395939546126607,1,16,17,17,0,18,0,0,0,0,0,0,0,0,0,18,153,153,153,307,34,102,31,171805429006849
SAMPLE,CAL,C09,D16:M17:K1:N17:R16:C2:P1:PANEL32:EXACT32:LANE528:INDEX145,0,table,2.909464705882e-5
SAMPLE,CAL,C09,D16:M17:K1:N17:R16:C2:P1:PANEL32:EXACT32:LANE528:INDEX145,0,dense,9.980645161290e-5
SAMPLE,CAL,C09,D16:M17:K1:N17:R16:C2:P1:PANEL32:EXACT32:LANE528:INDEX145,1,table,2.907068627451e-5
SAMPLE,CAL,C09,D16:M17:K1:N17:R16:C2:P1:PANEL32:EXACT32:LANE528:INDEX145,1,dense,9.807032258065e-5
SAMPLE,CAL,C09,D16:M17:K1:N17:R16:C2:P1:PANEL32:EXACT32:LANE528:INDEX145,2,table,2.956002941176e-5
SAMPLE,CAL,C09,D16:M17:K1:N17:R16:C2:P1:PANEL32:EXACT32:LANE528:INDEX145,2,dense,9.748406451613e-5
SAMPLE,CAL,C09,D16:M17:K1:N17:R16:C2:P1:PANEL32:EXACT32:LANE528:INDEX145,3,table,2.915967647059e-5
SAMPLE,CAL,C09,D16:M17:K1:N17:R16:C2:P1:PANEL32:EXACT32:LANE528:INDEX145,3,dense,9.821803225806e-5
SAMPLE,CAL,C09,D16:M17:K1:N17:R16:C2:P1:PANEL32:EXACT32:LANE528:INDEX145,4,table,2.905890196078e-5
SAMPLE,CAL,C09,D16:M17:K1:N17:R16:C2:P1:PANEL32:EXACT32:LANE528:INDEX145,4,dense,9.745693548387e-5
SAMPLE,CAL,C09,D16:M17:K1:N17:R16:C2:P1:PANEL32:EXACT32:LANE528:INDEX145,5,table,2.944628431373e-5
SAMPLE,CAL,C09,D16:M17:K1:N17:R16:C2:P1:PANEL32:EXACT32:LANE528:INDEX145,5,dense,9.744819354839e-5
SAMPLE,CAL,C09,D16:M17:K1:N17:R16:C2:P1:PANEL32:EXACT32:LANE528:INDEX145,6,table,2.933706862745e-5
SAMPLE,CAL,C09,D16:M17:K1:N17:R16:C2:P1:PANEL32:EXACT32:LANE528:INDEX145,6,dense,9.762400000000e-5
SAMPLE,CAL,C09,D16:M17:K1:N17:R16:C2:P1:PANEL32:EXACT32:LANE528:INDEX145,7,table,3.014583333333e-5
SAMPLE,CAL,C09,D16:M17:K1:N17:R16:C2:P1:PANEL32:EXACT32:LANE528:INDEX145,7,dense,9.744074193548e-5
SAMPLE,CAL,C09,D16:M17:K1:N17:R16:C2:P1:PANEL32:EXACT32:LANE528:INDEX145,8,table,2.913550980392e-5
SAMPLE,CAL,C09,D16:M17:K1:N17:R16:C2:P1:PANEL32:EXACT32:LANE528:INDEX145,8,dense,9.755483870968e-5
CAL,C10,16,17,1,17,table,3.302800847e-5,5.431532199e-6,1.111681900e-4,1.954231838e-5,2.981213923e-1,1.280588052e-2,0.00034322124847347167,0.00042395939546126607,1,16,17,17,0,18,0,0,0,0,0,0,0,0,0,18,153,153,153,307,34,105,31,171805429006849
SAMPLE,CAL,C10,D16:M17:K1:N17:R16:C2:P1:PANEL49:EXACT32:LANE528:INDEX145,0,table,2.887194285714e-5
SAMPLE,CAL,C10,D16:M17:K1:N17:R16:C2:P1:PANEL49:EXACT32:LANE528:INDEX145,0,dense,9.757906451613e-5
SAMPLE,CAL,C10,D16:M17:K1:N17:R16:C2:P1:PANEL49:EXACT32:LANE528:INDEX145,1,table,2.888777142857e-5
SAMPLE,CAL,C10,D16:M17:K1:N17:R16:C2:P1:PANEL49:EXACT32:LANE528:INDEX145,1,dense,9.769832258065e-5
SAMPLE,CAL,C10,D16:M17:K1:N17:R16:C2:P1:PANEL49:EXACT32:LANE528:INDEX145,2,table,2.922402857143e-5
SAMPLE,CAL,C10,D16:M17:K1:N17:R16:C2:P1:PANEL49:EXACT32:LANE528:INDEX145,2,dense,9.750896774194e-5
SAMPLE,CAL,C10,D16:M17:K1:N17:R16:C2:P1:PANEL49:EXACT32:LANE528:INDEX145,3,table,3.318321904762e-5
SAMPLE,CAL,C10,D16:M17:K1:N17:R16:C2:P1:PANEL49:EXACT32:LANE528:INDEX145,3,dense,9.752512903226e-5
SAMPLE,CAL,C10,D16:M17:K1:N17:R16:C2:P1:PANEL49:EXACT32:LANE528:INDEX145,4,table,4.405368571429e-5
SAMPLE,CAL,C10,D16:M17:K1:N17:R16:C2:P1:PANEL49:EXACT32:LANE528:INDEX145,4,dense,1.542758064516e-4
SAMPLE,CAL,C10,D16:M17:K1:N17:R16:C2:P1:PANEL49:EXACT32:LANE528:INDEX145,5,table,4.635598095238e-5
SAMPLE,CAL,C10,D16:M17:K1:N17:R16:C2:P1:PANEL49:EXACT32:LANE528:INDEX145,5,dense,1.575509354839e-4
SAMPLE,CAL,C10,D16:M17:K1:N17:R16:C2:P1:PANEL49:EXACT32:LANE528:INDEX145,6,table,2.896936190476e-5
SAMPLE,CAL,C10,D16:M17:K1:N17:R16:C2:P1:PANEL49:EXACT32:LANE528:INDEX145,6,dense,9.880006451613e-5
SAMPLE,CAL,C10,D16:M17:K1:N17:R16:C2:P1:PANEL49:EXACT32:LANE528:INDEX145,7,table,2.888882857143e-5
SAMPLE,CAL,C10,D16:M17:K1:N17:R16:C2:P1:PANEL49:EXACT32:LANE528:INDEX145,7,dense,1.020729354839e-4
SAMPLE,CAL,C10,D16:M17:K1:N17:R16:C2:P1:PANEL49:EXACT32:LANE528:INDEX145,8,table,2.881725714286e-5
SAMPLE,CAL,C10,D16:M17:K1:N17:R16:C2:P1:PANEL49:EXACT32:LANE528:INDEX145,8,dense,9.750248387097e-5
CAL,C11,256,2,64,65,table,3.784721358e-4,8.405389306e-5,2.473293222e-3,3.290784998e-4,1.510518026e-1,1.506946518e-2,0.0013467397197418172,0.0014874783471852972,65,0,1040,4160,0,4160,0,0,0,0,0,0,0,0,0,9,8320,8320,8320,16640,65,9,2,281474943156225
SAMPLE,CAL,C11,D256:M2:K64:N65:R2:C8:P64:PANEL272:EXACT16:LANE32898:INDEX577,0,table,3.226050000000e-4
SAMPLE,CAL,C11,D256:M2:K64:N65:R2:C8:P64:PANEL272:EXACT16:LANE32898:INDEX577,0,dense,2.257550500000e-3
SAMPLE,CAL,C11,D256:M2:K64:N65:R2:C8:P64:PANEL272:EXACT16:LANE32898:INDEX577,1,table,3.259467777778e-4
SAMPLE,CAL,C11,D256:M2:K64:N65:R2:C8:P64:PANEL272:EXACT16:LANE32898:INDEX577,1,dense,2.284275000000e-3
SAMPLE,CAL,C11,D256:M2:K64:N65:R2:C8:P64:PANEL272:EXACT16:LANE32898:INDEX577,2,table,3.219993333333e-4
SAMPLE,CAL,C11,D256:M2:K64:N65:R2:C8:P64:PANEL272:EXACT16:LANE32898:INDEX577,2,dense,2.259394000000e-3
SAMPLE,CAL,C11,D256:M2:K64:N65:R2:C8:P64:PANEL272:EXACT16:LANE32898:INDEX577,3,table,3.222643333333e-4
SAMPLE,CAL,C11,D256:M2:K64:N65:R2:C8:P64:PANEL272:EXACT16:LANE32898:INDEX577,3,dense,2.277673000000e-3
SAMPLE,CAL,C11,D256:M2:K64:N65:R2:C8:P64:PANEL272:EXACT16:LANE32898:INDEX577,4,table,3.218513333333e-4
SAMPLE,CAL,C11,D256:M2:K64:N65:R2:C8:P64:PANEL272:EXACT16:LANE32898:INDEX577,4,dense,2.280182500000e-3
SAMPLE,CAL,C11,D256:M2:K64:N65:R2:C8:P64:PANEL272:EXACT16:LANE32898:INDEX577,5,table,3.271145555556e-4
SAMPLE,CAL,C11,D256:M2:K64:N65:R2:C8:P64:PANEL272:EXACT16:LANE32898:INDEX577,5,dense,2.261262000000e-3
SAMPLE,CAL,C11,D256:M2:K64:N65:R2:C8:P64:PANEL272:EXACT16:LANE32898:INDEX577,6,table,3.219193333333e-4
SAMPLE,CAL,C11,D256:M2:K64:N65:R2:C8:P64:PANEL272:EXACT16:LANE32898:INDEX577,6,dense,2.279321000000e-3
SAMPLE,CAL,C11,D256:M2:K64:N65:R2:C8:P64:PANEL272:EXACT16:LANE32898:INDEX577,7,table,5.665911111111e-4
SAMPLE,CAL,C11,D256:M2:K64:N65:R2:C8:P64:PANEL272:EXACT16:LANE32898:INDEX577,7,dense,3.481032000000e-3
SAMPLE,CAL,C11,D256:M2:K64:N65:R2:C8:P64:PANEL272:EXACT16:LANE32898:INDEX577,8,table,5.759574444444e-4
SAMPLE,CAL,C11,D256:M2:K64:N65:R2:C8:P64:PANEL272:EXACT16:LANE32898:INDEX577,8,dense,2.878949000000e-3
CAL,C12,256,2,64,65,table,1.237224741e-3,8.469997564e-5,2.336237556e-3,3.363457593e-4,5.358575276e-1,2.993126989e-2,0.0013467397197418172,0.0014874783471852972,65,0,1040,4160,0,4160,0,8320,4160,0,576,576,0,0,576,0,8320,8320,8320,24960,65,3,2,8935141660703064064
SAMPLE,CAL,C12,D256:M2:K64:N65:R2:C8:P64:PANEL400:EXACT16:LANE32898:INDEX577,0,table,1.195569666667e-3
SAMPLE,CAL,C12,D256:M2:K64:N65:R2:C8:P64:PANEL400:EXACT16:LANE32898:INDEX577,0,dense,2.235038000000e-3
SAMPLE,CAL,C12,D256:M2:K64:N65:R2:C8:P64:PANEL400:EXACT16:LANE32898:INDEX577,1,table,1.193305333333e-3
SAMPLE,CAL,C12,D256:M2:K64:N65:R2:C8:P64:PANEL400:EXACT16:LANE32898:INDEX577,1,dense,2.195003500000e-3
SAMPLE,CAL,C12,D256:M2:K64:N65:R2:C8:P64:PANEL400:EXACT16:LANE32898:INDEX577,2,table,1.187571333333e-3
SAMPLE,CAL,C12,D256:M2:K64:N65:R2:C8:P64:PANEL400:EXACT16:LANE32898:INDEX577,2,dense,2.195023500000e-3
SAMPLE,CAL,C12,D256:M2:K64:N65:R2:C8:P64:PANEL400:EXACT16:LANE32898:INDEX577,3,table,1.193773000000e-3
SAMPLE,CAL,C12,D256:M2:K64:N65:R2:C8:P64:PANEL400:EXACT16:LANE32898:INDEX577,3,dense,2.183231500000e-3
SAMPLE,CAL,C12,D256:M2:K64:N65:R2:C8:P64:PANEL400:EXACT16:LANE32898:INDEX577,4,table,1.257147666667e-3
SAMPLE,CAL,C12,D256:M2:K64:N65:R2:C8:P64:PANEL400:EXACT16:LANE32898:INDEX577,4,dense,2.201420500000e-3
SAMPLE,CAL,C12,D256:M2:K64:N65:R2:C8:P64:PANEL400:EXACT16:LANE32898:INDEX577,5,table,1.192310333333e-3
SAMPLE,CAL,C12,D256:M2:K64:N65:R2:C8:P64:PANEL400:EXACT16:LANE32898:INDEX577,5,dense,2.166851500000e-3
SAMPLE,CAL,C12,D256:M2:K64:N65:R2:C8:P64:PANEL400:EXACT16:LANE32898:INDEX577,6,table,1.187301000000e-3
SAMPLE,CAL,C12,D256:M2:K64:N65:R2:C8:P64:PANEL400:EXACT16:LANE32898:INDEX577,6,dense,2.177095500000e-3
SAMPLE,CAL,C12,D256:M2:K64:N65:R2:C8:P64:PANEL400:EXACT16:LANE32898:INDEX577,7,table,1.202689666667e-3
SAMPLE,CAL,C12,D256:M2:K64:N65:R2:C8:P64:PANEL400:EXACT16:LANE32898:INDEX577,7,dense,2.170653000000e-3
SAMPLE,CAL,C12,D256:M2:K64:N65:R2:C8:P64:PANEL400:EXACT16:LANE32898:INDEX577,8,table,1.525354666667e-3
SAMPLE,CAL,C12,D256:M2:K64:N65:R2:C8:P64:PANEL400:EXACT16:LANE32898:INDEX577,8,dense,3.501821000000e-3
CAL,C13,3,31,19,33,table,1.291021815e-3,2.411940739e-4,5.625351111e-3,7.152566471e-4,2.287438477e-1,2.787507787e-2,0.0010738566843543028,0.004436967719638252,5,28,528,627,0,2470,0,2470,0,855,0,0,0,224,0,45,14725,15314,14725,32509,66,3,1,4611685468671590400
SAMPLE,CAL,C13,D3:M31:K19:N33:R16:C4:P19:PANEL19:EXACT64:LANE1744:INDEX289,0,table,1.135581333333e-3
SAMPLE,CAL,C13,D3:M31:K19:N33:R16:C4:P19:PANEL19:EXACT64:LANE1744:INDEX289,0,dense,5.278194000000e-3
SAMPLE,CAL,C13,D3:M31:K19:N33:R16:C4:P19:PANEL19:EXACT64:LANE1744:INDEX289,1,table,1.131059333333e-3
SAMPLE,CAL,C13,D3:M31:K19:N33:R16:C4:P19:PANEL19:EXACT64:LANE1744:INDEX289,1,dense,5.261743000000e-3
SAMPLE,CAL,C13,D3:M31:K19:N33:R16:C4:P19:PANEL19:EXACT64:LANE1744:INDEX289,2,table,1.131376666667e-3
SAMPLE,CAL,C13,D3:M31:K19:N33:R16:C4:P19:PANEL19:EXACT64:LANE1744:INDEX289,2,dense,5.307007000000e-3
SAMPLE,CAL,C13,D3:M31:K19:N33:R16:C4:P19:PANEL19:EXACT64:LANE1744:INDEX289,3,table,1.128468000000e-3
SAMPLE,CAL,C13,D3:M31:K19:N33:R16:C4:P19:PANEL19:EXACT64:LANE1744:INDEX289,3,dense,5.251254000000e-3
SAMPLE,CAL,C13,D3:M31:K19:N33:R16:C4:P19:PANEL19:EXACT64:LANE1744:INDEX289,4,table,1.140373333333e-3
SAMPLE,CAL,C13,D3:M31:K19:N33:R16:C4:P19:PANEL19:EXACT64:LANE1744:INDEX289,4,dense,5.279396000000e-3
SAMPLE,CAL,C13,D3:M31:K19:N33:R16:C4:P19:PANEL19:EXACT64:LANE1744:INDEX289,5,table,1.137127666667e-3
SAMPLE,CAL,C13,D3:M31:K19:N33:R16:C4:P19:PANEL19:EXACT64:LANE1744:INDEX289,5,dense,5.254079000000e-3
SAMPLE,CAL,C13,D3:M31:K19:N33:R16:C4:P19:PANEL19:EXACT64:LANE1744:INDEX289,6,table,1.126407333333e-3
SAMPLE,CAL,C13,D3:M31:K19:N33:R16:C4:P19:PANEL19:EXACT64:LANE1744:INDEX289,6,dense,5.252255000000e-3
SAMPLE,CAL,C13,D3:M31:K19:N33:R16:C4:P19:PANEL19:EXACT64:LANE1744:INDEX289,7,table,1.838148000000e-3
SAMPLE,CAL,C13,D3:M31:K19:N33:R16:C4:P19:PANEL19:EXACT64:LANE1744:INDEX289,7,dense,5.662310000000e-3
SAMPLE,CAL,C13,D3:M31:K19:N33:R16:C4:P19:PANEL19:EXACT64:LANE1744:INDEX289,8,table,1.850654666667e-3
SAMPLE,CAL,C13,D3:M31:K19:N33:R16:C4:P19:PANEL19:EXACT64:LANE1744:INDEX289,8,dense,8.081922000000e-3
CAL,C14,3,31,19,33,table,1.324431111e-3,1.698226944e-4,5.863494889e-3,9.037345544e-4,2.284860859e-1,1.872163213e-2,0.0010738566843543028,0.004436967719638252,0,0,0,0,0,0,0,3135,0,855,0,0,0,224,0,45,14725,19437,14725,37297,66,3,1,4611685468671590400
SAMPLE,CAL,C14,D3:M31:K19:N33:R16:C4:P19:PANEL19:EXACT64:LANE1744:INDEX0,0,table,1.245843333333e-3
SAMPLE,CAL,C14,D3:M31:K19:N33:R16:C4:P19:PANEL19:EXACT64:LANE1744:INDEX0,0,dense,5.263847000000e-3
SAMPLE,CAL,C14,D3:M31:K19:N33:R16:C4:P19:PANEL19:EXACT64:LANE1744:INDEX0,1,table,1.251600666667e-3
SAMPLE,CAL,C14,D3:M31:K19:N33:R16:C4:P19:PANEL19:EXACT64:LANE1744:INDEX0,1,dense,5.311846000000e-3
SAMPLE,CAL,C14,D3:M31:K19:N33:R16:C4:P19:PANEL19:EXACT64:LANE1744:INDEX0,2,table,1.306119333333e-3
SAMPLE,CAL,C14,D3:M31:K19:N33:R16:C4:P19:PANEL19:EXACT64:LANE1744:INDEX0,2,dense,5.263826000000e-3
SAMPLE,CAL,C14,D3:M31:K19:N33:R16:C4:P19:PANEL19:EXACT64:LANE1744:INDEX0,3,table,1.237731666667e-3
SAMPLE,CAL,C14,D3:M31:K19:N33:R16:C4:P19:PANEL19:EXACT64:LANE1744:INDEX0,3,dense,5.274357000000e-3
SAMPLE,CAL,C14,D3:M31:K19:N33:R16:C4:P19:PANEL19:EXACT64:LANE1744:INDEX0,4,table,1.237427666667e-3
SAMPLE,CAL,C14,D3:M31:K19:N33:R16:C4:P19:PANEL19:EXACT64:LANE1744:INDEX0,4,dense,5.267784000000e-3
SAMPLE,CAL,C14,D3:M31:K19:N33:R16:C4:P19:PANEL19:EXACT64:LANE1744:INDEX0,5,table,1.242774666667e-3
SAMPLE,CAL,C14,D3:M31:K19:N33:R16:C4:P19:PANEL19:EXACT64:LANE1744:INDEX0,5,dense,5.308920000000e-3
SAMPLE,CAL,C14,D3:M31:K19:N33:R16:C4:P19:PANEL19:EXACT64:LANE1744:INDEX0,6,table,1.244056666667e-3
SAMPLE,CAL,C14,D3:M31:K19:N33:R16:C4:P19:PANEL19:EXACT64:LANE1744:INDEX0,6,dense,7.550201000000e-3
SAMPLE,CAL,C14,D3:M31:K19:N33:R16:C4:P19:PANEL19:EXACT64:LANE1744:INDEX0,7,table,1.910860333333e-3
SAMPLE,CAL,C14,D3:M31:K19:N33:R16:C4:P19:PANEL19:EXACT64:LANE1744:INDEX0,7,dense,8.274281000000e-3
SAMPLE,CAL,C14,D3:M31:K19:N33:R16:C4:P19:PANEL19:EXACT64:LANE1744:INDEX0,8,table,1.243465666667e-3
SAMPLE,CAL,C14,D3:M31:K19:N33:R16:C4:P19:PANEL19:EXACT64:LANE1744:INDEX0,8,dense,5.256392000000e-3
CAL,C15,5,8,33,64,table,7.475207222e-5,2.300590978e-7,3.283152444e-3,3.126105214e-5,2.277207530e-2,2.638817253e-4,0.0002944823297017542,0.004012771083420715,3,61,1024,2112,0,198,0,0,0,0,0,0,0,0,0,4,1072,1584,1072,2656,1024,40,1,281474943156225
SAMPLE,CAL,C15,D5:M8:K33:N64:R8:C16:P33:PANEL21:EXACT128:LANE2624:INDEX320,0,table,7.476142500000e-5
SAMPLE,CAL,C15,D5:M8:K33:N64:R8:C16:P33:PANEL21:EXACT128:LANE2624:INDEX320,0,dense,3.305184000000e-3
SAMPLE,CAL,C15,D5:M8:K33:N64:R8:C16:P33:PANEL21:EXACT128:LANE2624:INDEX320,1,table,7.468677500000e-5
SAMPLE,CAL,C15,D5:M8:K33:N64:R8:C16:P33:PANEL21:EXACT128:LANE2624:INDEX320,1,dense,3.275137000000e-3
SAMPLE,CAL,C15,D5:M8:K33:N64:R8:C16:P33:PANEL21:EXACT128:LANE2624:INDEX320,2,table,7.493875000000e-5
SAMPLE,CAL,C15,D5:M8:K33:N64:R8:C16:P33:PANEL21:EXACT128:LANE2624:INDEX320,2,dense,3.260831000000e-3
SAMPLE,CAL,C15,D5:M8:K33:N64:R8:C16:P33:PANEL21:EXACT128:LANE2624:INDEX320,3,table,7.441052500000e-5
SAMPLE,CAL,C15,D5:M8:K33:N64:R8:C16:P33:PANEL21:EXACT128:LANE2624:INDEX320,3,dense,3.375545000000e-3
SAMPLE,CAL,C15,D5:M8:K33:N64:R8:C16:P33:PANEL21:EXACT128:LANE2624:INDEX320,4,table,7.458032500000e-5
SAMPLE,CAL,C15,D5:M8:K33:N64:R8:C16:P33:PANEL21:EXACT128:LANE2624:INDEX320,4,dense,3.268284000000e-3
SAMPLE,CAL,C15,D5:M8:K33:N64:R8:C16:P33:PANEL21:EXACT128:LANE2624:INDEX320,5,table,7.464770000000e-5
SAMPLE,CAL,C15,D5:M8:K33:N64:R8:C16:P33:PANEL21:EXACT128:LANE2624:INDEX320,5,dense,3.296968000000e-3
SAMPLE,CAL,C15,D5:M8:K33:N64:R8:C16:P33:PANEL21:EXACT128:LANE2624:INDEX320,6,table,7.458010000000e-5
SAMPLE,CAL,C15,D5:M8:K33:N64:R8:C16:P33:PANEL21:EXACT128:LANE2624:INDEX320,6,dense,3.252355000000e-3
SAMPLE,CAL,C15,D5:M8:K33:N64:R8:C16:P33:PANEL21:EXACT128:LANE2624:INDEX320,7,table,7.471157500000e-5
SAMPLE,CAL,C15,D5:M8:K33:N64:R8:C16:P33:PANEL21:EXACT128:LANE2624:INDEX320,7,dense,3.278514000000e-3
SAMPLE,CAL,C15,D5:M8:K33:N64:R8:C16:P33:PANEL21:EXACT128:LANE2624:INDEX320,8,table,7.545147500000e-5
SAMPLE,CAL,C15,D5:M8:K33:N64:R8:C16:P33:PANEL21:EXACT128:LANE2624:INDEX320,8,dense,3.235554000000e-3
CAL,C16,5,8,33,64,table,2.888768750e-4,5.826490331e-5,3.760592444e-3,5.750215448e-4,7.617108234e-2,5.843342590e-3,0.0002944823297017542,0.004012771083420715,0,0,0,0,0,0,0,0,0,0,0,0,0,0,0,4,5280,16896,5280,22176,1024,8,1,281474943156225
SAMPLE,CAL,C16,D5:M8:K33:N64:R8:C16:P33:PANEL21:EXACT128:LANE2624:INDEX0,0,table,3.986221250000e-4
SAMPLE,CAL,C16,D5:M8:K33:N64:R8:C16:P33:PANEL21:EXACT128:LANE2624:INDEX0,0,dense,5.299544000000e-3
SAMPLE,CAL,C16,D5:M8:K33:N64:R8:C16:P33:PANEL21:EXACT128:LANE2624:INDEX0,1,table,3.919505000000e-4
SAMPLE,CAL,C16,D5:M8:K33:N64:R8:C16:P33:PANEL21:EXACT128:LANE2624:INDEX0,1,dense,4.321169000000e-3
SAMPLE,CAL,C16,D5:M8:K33:N64:R8:C16:P33:PANEL21:EXACT128:LANE2624:INDEX0,2,table,3.744796250000e-4
SAMPLE,CAL,C16,D5:M8:K33:N64:R8:C16:P33:PANEL21:EXACT128:LANE2624:INDEX0,2,dense,4.454347000000e-3
SAMPLE,CAL,C16,D5:M8:K33:N64:R8:C16:P33:PANEL21:EXACT128:LANE2624:INDEX0,3,table,2.321330000000e-4
SAMPLE,CAL,C16,D5:M8:K33:N64:R8:C16:P33:PANEL21:EXACT128:LANE2624:INDEX0,3,dense,3.389572000000e-3
SAMPLE,CAL,C16,D5:M8:K33:N64:R8:C16:P33:PANEL21:EXACT128:LANE2624:INDEX0,4,table,2.322956250000e-4
SAMPLE,CAL,C16,D5:M8:K33:N64:R8:C16:P33:PANEL21:EXACT128:LANE2624:INDEX0,4,dense,3.245563000000e-3
SAMPLE,CAL,C16,D5:M8:K33:N64:R8:C16:P33:PANEL21:EXACT128:LANE2624:INDEX0,5,table,2.322531250000e-4
SAMPLE,CAL,C16,D5:M8:K33:N64:R8:C16:P33:PANEL21:EXACT128:LANE2624:INDEX0,5,dense,3.260792000000e-3
SAMPLE,CAL,C16,D5:M8:K33:N64:R8:C16:P33:PANEL21:EXACT128:LANE2624:INDEX0,6,table,2.310371250000e-4
SAMPLE,CAL,C16,D5:M8:K33:N64:R8:C16:P33:PANEL21:EXACT128:LANE2624:INDEX0,6,dense,3.288223000000e-3
SAMPLE,CAL,C16,D5:M8:K33:N64:R8:C16:P33:PANEL21:EXACT128:LANE2624:INDEX0,7,table,2.377271250000e-4
SAMPLE,CAL,C16,D5:M8:K33:N64:R8:C16:P33:PANEL21:EXACT128:LANE2624:INDEX0,7,dense,3.294323000000e-3
SAMPLE,CAL,C16,D5:M8:K33:N64:R8:C16:P33:PANEL21:EXACT128:LANE2624:INDEX0,8,table,2.693936250000e-4
SAMPLE,CAL,C16,D5:M8:K33:N64:R8:C16:P33:PANEL21:EXACT128:LANE2624:INDEX0,8,dense,3.291799000000e-3
CAL,C17,16,3,127,9,table,5.663535432e-4,8.481976033e-5,1.105310467e-3,1.290444144e-4,5.132974571e-1,4.732742470e-2,0.00033120868283023717,0.0006819786852481107,9,0,144,1143,0,2286,0,2286,0,254,0,0,0,75,0,2,3051,3429,3051,8766,108,9,5,4611685468671590400
SAMPLE,CAL,C17,D16:M3:K127:N9:R2:C9:P127:PANEL32:EXACT18:LANE4082:INDEX73,0,table,5.375492222222e-4
SAMPLE,CAL,C17,D16:M3:K127:N9:R2:C9:P127:PANEL32:EXACT18:LANE4082:INDEX73,0,dense,1.058600200000e-3
SAMPLE,CAL,C17,D16:M3:K127:N9:R2:C9:P127:PANEL32:EXACT18:LANE4082:INDEX73,1,table,5.772821111111e-4
SAMPLE,CAL,C17,D16:M3:K127:N9:R2:C9:P127:PANEL32:EXACT18:LANE4082:INDEX73,1,dense,1.077688000000e-3
SAMPLE,CAL,C17,D16:M3:K127:N9:R2:C9:P127:PANEL32:EXACT18:LANE4082:INDEX73,2,table,7.936378888889e-4
SAMPLE,CAL,C17,D16:M3:K127:N9:R2:C9:P127:PANEL32:EXACT18:LANE4082:INDEX73,2,dense,1.235868800000e-3
SAMPLE,CAL,C17,D16:M3:K127:N9:R2:C9:P127:PANEL32:EXACT18:LANE4082:INDEX73,3,table,5.882436666667e-4
SAMPLE,CAL,C17,D16:M3:K127:N9:R2:C9:P127:PANEL32:EXACT18:LANE4082:INDEX73,3,dense,1.157538800000e-3
SAMPLE,CAL,C17,D16:M3:K127:N9:R2:C9:P127:PANEL32:EXACT18:LANE4082:INDEX73,4,table,5.444787777778e-4
SAMPLE,CAL,C17,D16:M3:K127:N9:R2:C9:P127:PANEL32:EXACT18:LANE4082:INDEX73,4,dense,1.204017400000e-3
SAMPLE,CAL,C17,D16:M3:K127:N9:R2:C9:P127:PANEL32:EXACT18:LANE4082:INDEX73,5,table,5.935180000000e-4
SAMPLE,CAL,C17,D16:M3:K127:N9:R2:C9:P127:PANEL32:EXACT18:LANE4082:INDEX73,5,dense,1.253992600000e-3
SAMPLE,CAL,C17,D16:M3:K127:N9:R2:C9:P127:PANEL32:EXACT18:LANE4082:INDEX73,6,table,5.923168888889e-4
SAMPLE,CAL,C17,D16:M3:K127:N9:R2:C9:P127:PANEL32:EXACT18:LANE4082:INDEX73,6,dense,1.107056600000e-3
SAMPLE,CAL,C17,D16:M3:K127:N9:R2:C9:P127:PANEL32:EXACT18:LANE4082:INDEX73,7,table,4.981924444444e-4
SAMPLE,CAL,C17,D16:M3:K127:N9:R2:C9:P127:PANEL32:EXACT18:LANE4082:INDEX73,7,dense,1.157779200000e-3
SAMPLE,CAL,C17,D16:M3:K127:N9:R2:C9:P127:PANEL32:EXACT18:LANE4082:INDEX73,8,table,3.719628888889e-4
SAMPLE,CAL,C17,D16:M3:K127:N9:R2:C9:P127:PANEL32:EXACT18:LANE4082:INDEX73,8,dense,6.952526000000e-4
CAL,C18,16,3,127,9,table,2.925288547e-4,5.511889558e-5,3.542046667e-4,7.908614942e-5,8.517901083e-1,1.645646454e-1,0.00033120868283023717,0.0005722052756164885,9,0,144,1143,0,2286,0,4572,2286,0,254,0,254,0,254,0,3051,3429,505,7236,9,13,7,8935141660703064064
SAMPLE,CAL,C18,D16:M3:K127:N9:R2:C9:P127:PANEL413:EXACT18:LANE4082:INDEX73,0,table,3.445186923077e-4
SAMPLE,CAL,C18,D16:M3:K127:N9:R2:C9:P127:PANEL413:EXACT18:LANE4082:INDEX73,0,dense,3.017498571429e-4
SAMPLE,CAL,C18,D16:M3:K127:N9:R2:C9:P127:PANEL413:EXACT18:LANE4082:INDEX73,1,table,2.347270000000e-4
SAMPLE,CAL,C18,D16:M3:K127:N9:R2:C9:P127:PANEL413:EXACT18:LANE4082:INDEX73,1,dense,3.011344285714e-4
SAMPLE,CAL,C18,D16:M3:K127:N9:R2:C9:P127:PANEL413:EXACT18:LANE4082:INDEX73,2,table,2.350884615385e-4
SAMPLE,CAL,C18,D16:M3:K127:N9:R2:C9:P127:PANEL413:EXACT18:LANE4082:INDEX73,2,dense,3.020977142857e-4
SAMPLE,CAL,C18,D16:M3:K127:N9:R2:C9:P127:PANEL413:EXACT18:LANE4082:INDEX73,3,table,2.378713076923e-4
SAMPLE,CAL,C18,D16:M3:K127:N9:R2:C9:P127:PANEL413:EXACT18:LANE4082:INDEX73,3,dense,3.006191428571e-4
SAMPLE,CAL,C18,D16:M3:K127:N9:R2:C9:P127:PANEL413:EXACT18:LANE4082:INDEX73,4,table,2.350868461538e-4
SAMPLE,CAL,C18,D16:M3:K127:N9:R2:C9:P127:PANEL413:EXACT18:LANE4082:INDEX73,4,dense,3.015080000000e-4
SAMPLE,CAL,C18,D16:M3:K127:N9:R2:C9:P127:PANEL413:EXACT18:LANE4082:INDEX73,5,table,2.355716153846e-4
SAMPLE,CAL,C18,D16:M3:K127:N9:R2:C9:P127:PANEL413:EXACT18:LANE4082:INDEX73,5,dense,3.053794285714e-4
SAMPLE,CAL,C18,D16:M3:K127:N9:R2:C9:P127:PANEL413:EXACT18:LANE4082:INDEX73,6,table,3.174949230769e-4
SAMPLE,CAL,C18,D16:M3:K127:N9:R2:C9:P127:PANEL413:EXACT18:LANE4082:INDEX73,6,dense,5.384112857143e-4
SAMPLE,CAL,C18,D16:M3:K127:N9:R2:C9:P127:PANEL413:EXACT18:LANE4082:INDEX73,7,table,4.046184615385e-4
SAMPLE,CAL,C18,D16:M3:K127:N9:R2:C9:P127:PANEL413:EXACT18:LANE4082:INDEX73,7,dense,5.328794285714e-4
SAMPLE,CAL,C18,D16:M3:K127:N9:R2:C9:P127:PANEL413:EXACT18:LANE4082:INDEX73,8,table,3.877823846154e-4
SAMPLE,CAL,C18,D16:M3:K127:N9:R2:C9:P127:PANEL413:EXACT18:LANE4082:INDEX73,8,dense,3.040627142857e-4
CAL,C19,256,1,4096,4,dense,7.584418000e-4,4.004586370e-5,3.066589222e-3,1.449733356e-5,2.473552515e-1,1.344282885e-2,0.0029790948907828098,0.002574901299800804,4,0,64,9,1,16384,0,0,0,0,0,0,0,0,0,1,16383,16384,16383,32767,64,5,1,281474943156225
SAMPLE,CAL,C19,D256:M1:K4096:N4:R1:C4:P128:PANEL272:EXACT4:LANE32772:INDEX20,0,table,7.355396000000e-4
SAMPLE,CAL,C19,D256:M1:K4096:N4:R1:C4:P128:PANEL272:EXACT4:LANE32772:INDEX20,0,dense,3.092578000000e-3
SAMPLE,CAL,C19,D256:M1:K4096:N4:R1:C4:P128:PANEL272:EXACT4:LANE32772:INDEX20,1,table,7.376938000000e-4
SAMPLE,CAL,C19,D256:M1:K4096:N4:R1:C4:P128:PANEL272:EXACT4:LANE32772:INDEX20,1,dense,3.087098000000e-3
SAMPLE,CAL,C19,D256:M1:K4096:N4:R1:C4:P128:PANEL272:EXACT4:LANE32772:INDEX20,2,table,7.401062000000e-4
SAMPLE,CAL,C19,D256:M1:K4096:N4:R1:C4:P128:PANEL272:EXACT4:LANE32772:INDEX20,2,dense,3.044438000000e-3
SAMPLE,CAL,C19,D256:M1:K4096:N4:R1:C4:P128:PANEL272:EXACT4:LANE32772:INDEX20,3,table,7.434606000000e-4
SAMPLE,CAL,C19,D256:M1:K4096:N4:R1:C4:P128:PANEL272:EXACT4:LANE32772:INDEX20,3,dense,3.062502000000e-3
SAMPLE,CAL,C19,D256:M1:K4096:N4:R1:C4:P128:PANEL272:EXACT4:LANE32772:INDEX20,4,table,7.403748000000e-4
SAMPLE,CAL,C19,D256:M1:K4096:N4:R1:C4:P128:PANEL272:EXACT4:LANE32772:INDEX20,4,dense,3.054787000000e-3
SAMPLE,CAL,C19,D256:M1:K4096:N4:R1:C4:P128:PANEL272:EXACT4:LANE32772:INDEX20,5,table,8.963858000000e-4
SAMPLE,CAL,C19,D256:M1:K4096:N4:R1:C4:P128:PANEL272:EXACT4:LANE32772:INDEX20,5,dense,3.052593000000e-3
SAMPLE,CAL,C19,D256:M1:K4096:N4:R1:C4:P128:PANEL272:EXACT4:LANE32772:INDEX20,6,table,7.362152000000e-4
SAMPLE,CAL,C19,D256:M1:K4096:N4:R1:C4:P128:PANEL272:EXACT4:LANE32772:INDEX20,6,dense,3.060818000000e-3
SAMPLE,CAL,C19,D256:M1:K4096:N4:R1:C4:P128:PANEL272:EXACT4:LANE32772:INDEX20,7,table,7.398878000000e-4
SAMPLE,CAL,C19,D256:M1:K4096:N4:R1:C4:P128:PANEL272:EXACT4:LANE32772:INDEX20,7,dense,3.052122000000e-3
SAMPLE,CAL,C19,D256:M1:K4096:N4:R1:C4:P128:PANEL272:EXACT4:LANE32772:INDEX20,8,table,7.563124000000e-4
SAMPLE,CAL,C19,D256:M1:K4096:N4:R1:C4:P128:PANEL272:EXACT4:LANE32772:INDEX20,8,dense,3.092367000000e-3
CAL,C20,256,1,4096,4,dense,2.630646889e-3,5.092902510e-4,3.477070333e-3,2.672058779e-4,7.531656386e-1,1.037502719e-1,0.002993169175459197,0.002574901299800804,4,0,64,9,1,16384,0,16384,0,8192,0,0,0,2184,0,2,16384,16384,16384,49152,64,1,1,4611685468671590400
SAMPLE,CAL,C20,D256:M1:K4096:N4:R1:C2:P128:PANEL272:EXACT2:LANE32772:INDEX20,0,table,4.397131000000e-3
SAMPLE,CAL,C20,D256:M1:K4096:N4:R1:C2:P128:PANEL272:EXACT2:LANE32772:INDEX20,0,dense,4.030437000000e-3
SAMPLE,CAL,C20,D256:M1:K4096:N4:R1:C2:P128:PANEL272:EXACT2:LANE32772:INDEX20,1,table,2.437866000000e-3
SAMPLE,CAL,C20,D256:M1:K4096:N4:R1:C2:P128:PANEL272:EXACT2:LANE32772:INDEX20,1,dense,4.145181000000e-3
SAMPLE,CAL,C20,D256:M1:K4096:N4:R1:C2:P128:PANEL272:EXACT2:LANE32772:INDEX20,2,table,2.392070000000e-3
SAMPLE,CAL,C20,D256:M1:K4096:N4:R1:C2:P128:PANEL272:EXACT2:LANE32772:INDEX20,2,dense,3.303050000000e-3
SAMPLE,CAL,C20,D256:M1:K4096:N4:R1:C2:P128:PANEL272:EXACT2:LANE32772:INDEX20,3,table,2.416256000000e-3
SAMPLE,CAL,C20,D256:M1:K4096:N4:R1:C2:P128:PANEL272:EXACT2:LANE32772:INDEX20,3,dense,3.295416000000e-3
SAMPLE,CAL,C20,D256:M1:K4096:N4:R1:C2:P128:PANEL272:EXACT2:LANE32772:INDEX20,4,table,2.414914000000e-3
SAMPLE,CAL,C20,D256:M1:K4096:N4:R1:C2:P128:PANEL272:EXACT2:LANE32772:INDEX20,4,dense,3.301157000000e-3
SAMPLE,CAL,C20,D256:M1:K4096:N4:R1:C2:P128:PANEL272:EXACT2:LANE32772:INDEX20,5,table,2.401769000000e-3
SAMPLE,CAL,C20,D256:M1:K4096:N4:R1:C2:P128:PANEL272:EXACT2:LANE32772:INDEX20,5,dense,3.289705000000e-3
SAMPLE,CAL,C20,D256:M1:K4096:N4:R1:C2:P128:PANEL272:EXACT2:LANE32772:INDEX20,6,table,2.404213000000e-3
SAMPLE,CAL,C20,D256:M1:K4096:N4:R1:C2:P128:PANEL272:EXACT2:LANE32772:INDEX20,6,dense,3.326715000000e-3
SAMPLE,CAL,C20,D256:M1:K4096:N4:R1:C2:P128:PANEL272:EXACT2:LANE32772:INDEX20,7,table,2.399264000000e-3
SAMPLE,CAL,C20,D256:M1:K4096:N4:R1:C2:P128:PANEL272:EXACT2:LANE32772:INDEX20,7,dense,3.310754000000e-3
SAMPLE,CAL,C20,D256:M1:K4096:N4:R1:C2:P128:PANEL272:EXACT2:LANE32772:INDEX20,8,table,2.412339000000e-3
SAMPLE,CAL,C20,D256:M1:K4096:N4:R1:C2:P128:PANEL272:EXACT2:LANE32772:INDEX20,8,dense,3.291218000000e-3
CAL,C21,3,16,256,1,dense,4.513528611e-4,6.633370423e-5,8.261035556e-4,1.283613632e-4,5.534413358e-1,7.058145697e-2,0.001133244601193137,0.0009015344945386877,1,0,16,256,1,256,0,512,256,0,256,256,0,0,256,0,4096,4096,4096,8704,224,8,5,8935141660703064064
SAMPLE,CAL,C21,D3:M16:K256:N1:R16:C1:P256:PANEL19:EXACT16:LANE16400:INDEX5,0,table,4.042788750000e-4
SAMPLE,CAL,C21,D3:M16:K256:N1:R16:C1:P256:PANEL19:EXACT16:LANE16400:INDEX5,0,dense,7.383512000000e-4
SAMPLE,CAL,C21,D3:M16:K256:N1:R16:C1:P256:PANEL19:EXACT16:LANE16400:INDEX5,1,table,6.019162500000e-4
SAMPLE,CAL,C21,D3:M16:K256:N1:R16:C1:P256:PANEL19:EXACT16:LANE16400:INDEX5,1,dense,7.915902000000e-4
SAMPLE,CAL,C21,D3:M16:K256:N1:R16:C1:P256:PANEL19:EXACT16:LANE16400:INDEX5,2,table,6.044411250000e-4
SAMPLE,CAL,C21,D3:M16:K256:N1:R16:C1:P256:PANEL19:EXACT16:LANE16400:INDEX5,2,dense,1.200000000000e-3
SAMPLE,CAL,C21,D3:M16:K256:N1:R16:C1:P256:PANEL19:EXACT16:LANE16400:INDEX5,3,table,4.121047500000e-4
SAMPLE,CAL,C21,D3:M16:K256:N1:R16:C1:P256:PANEL19:EXACT16:LANE16400:INDEX5,3,dense,1.014810400000e-3
SAMPLE,CAL,C21,D3:M16:K256:N1:R16:C1:P256:PANEL19:EXACT16:LANE16400:INDEX5,4,table,4.032370000000e-4
SAMPLE,CAL,C21,D3:M16:K256:N1:R16:C1:P256:PANEL19:EXACT16:LANE16400:INDEX5,4,dense,7.364074000000e-4
SAMPLE,CAL,C21,D3:M16:K256:N1:R16:C1:P256:PANEL19:EXACT16:LANE16400:INDEX5,5,table,4.030717500000e-4
SAMPLE,CAL,C21,D3:M16:K256:N1:R16:C1:P256:PANEL19:EXACT16:LANE16400:INDEX5,5,dense,7.379522000000e-4
SAMPLE,CAL,C21,D3:M16:K256:N1:R16:C1:P256:PANEL19:EXACT16:LANE16400:INDEX5,6,table,4.046835000000e-4
SAMPLE,CAL,C21,D3:M16:K256:N1:R16:C1:P256:PANEL19:EXACT16:LANE16400:INDEX5,6,dense,7.369124000000e-4
SAMPLE,CAL,C21,D3:M16:K256:N1:R16:C1:P256:PANEL19:EXACT16:LANE16400:INDEX5,7,table,4.224015000000e-4
SAMPLE,CAL,C21,D3:M16:K256:N1:R16:C1:P256:PANEL19:EXACT16:LANE16400:INDEX5,7,dense,7.405932000000e-4
SAMPLE,CAL,C21,D3:M16:K256:N1:R16:C1:P256:PANEL19:EXACT16:LANE16400:INDEX5,8,table,4.060410000000e-4
SAMPLE,CAL,C21,D3:M16:K256:N1:R16:C1:P256:PANEL19:EXACT16:LANE16400:INDEX5,8,dense,7.383150000000e-4
CAL,C22,5,33,2,7,table,1.766514124e-5,2.612661413e-6,1.449145139e-4,2.023624141e-5,1.225116687e-1,9.740909133e-3,0.00017795229851446222,0.0003815267854528196,1,6,14,14,0,18,0,0,0,0,0,0,0,0,0,9,198,198,198,396,21,177,24,281474943156225
SAMPLE,CAL,C22,D5:M33:K2:N7:R16:C3:P2:PANEL87:EXACT48:LANE368:INDEX39,0,table,1.646262146893e-5
SAMPLE,CAL,C22,D5:M33:K2:N7:R16:C3:P2:PANEL87:EXACT48:LANE368:INDEX39,0,dense,1.316025000000e-4
SAMPLE,CAL,C22,D5:M33:K2:N7:R16:C3:P2:PANEL87:EXACT48:LANE368:INDEX39,1,table,1.640936158192e-5
SAMPLE,CAL,C22,D5:M33:K2:N7:R16:C3:P2:PANEL87:EXACT48:LANE368:INDEX39,1,dense,1.317941250000e-4
SAMPLE,CAL,C22,D5:M33:K2:N7:R16:C3:P2:PANEL87:EXACT48:LANE368:INDEX39,2,table,1.643233898305e-5
SAMPLE,CAL,C22,D5:M33:K2:N7:R16:C3:P2:PANEL87:EXACT48:LANE368:INDEX39,2,dense,1.316951666667e-4
SAMPLE,CAL,C22,D5:M33:K2:N7:R16:C3:P2:PANEL87:EXACT48:LANE368:INDEX39,3,table,1.622392655367e-5
SAMPLE,CAL,C22,D5:M33:K2:N7:R16:C3:P2:PANEL87:EXACT48:LANE368:INDEX39,3,dense,1.312505833333e-4
SAMPLE,CAL,C22,D5:M33:K2:N7:R16:C3:P2:PANEL87:EXACT48:LANE368:INDEX39,4,table,1.622964406780e-5
SAMPLE,CAL,C22,D5:M33:K2:N7:R16:C3:P2:PANEL87:EXACT48:LANE368:INDEX39,4,dense,1.323213750000e-4
SAMPLE,CAL,C22,D5:M33:K2:N7:R16:C3:P2:PANEL87:EXACT48:LANE368:INDEX39,5,table,1.614740112994e-5
SAMPLE,CAL,C22,D5:M33:K2:N7:R16:C3:P2:PANEL87:EXACT48:LANE368:INDEX39,5,dense,1.310765416667e-4
SAMPLE,CAL,C22,D5:M33:K2:N7:R16:C3:P2:PANEL87:EXACT48:LANE368:INDEX39,6,table,1.612793220339e-5
SAMPLE,CAL,C22,D5:M33:K2:N7:R16:C3:P2:PANEL87:EXACT48:LANE368:INDEX39,6,dense,1.771712500000e-4
SAMPLE,CAL,C22,D5:M33:K2:N7:R16:C3:P2:PANEL87:EXACT48:LANE368:INDEX39,7,table,2.652477966102e-5
SAMPLE,CAL,C22,D5:M33:K2:N7:R16:C3:P2:PANEL87:EXACT48:LANE368:INDEX39,7,dense,2.026859166667e-4
SAMPLE,CAL,C22,D5:M33:K2:N7:R16:C3:P2:PANEL87:EXACT48:LANE368:INDEX39,8,table,1.842826553672e-5
SAMPLE,CAL,C22,D5:M33:K2:N7:R16:C3:P2:PANEL87:EXACT48:LANE368:INDEX39,8,dense,1.346331666667e-4
CAL,C23,16,2,31,129,table,7.515712737e-5,5.791303066e-6,2.503008500e-3,3.503425447e-4,3.048887277e-2,2.565863049e-3,0.0003438283491105337,0.0016078197913764712,18,111,2064,3999,0,1054,0,0,0,0,0,0,0,0,0,3,1060,2108,1060,3168,129,41,2,281474943156225
SAMPLE,CAL,C23,D16:M2:K31:N129:R2:C64:P31:PANEL32:EXACT128:LANE1250:INDEX1153,0,table,7.190239024390e-5
SAMPLE,CAL,C23,D16:M2:K31:N129:R2:C64:P31:PANEL32:EXACT128:LANE1250:INDEX1153,0,dense,3.224839000000e-3
SAMPLE,CAL,C23,D16:M2:K31:N129:R2:C64:P31:PANEL32:EXACT128:LANE1250:INDEX1153,1,table,7.357843902439e-5
SAMPLE,CAL,C23,D16:M2:K31:N129:R2:C64:P31:PANEL32:EXACT128:LANE1250:INDEX1153,1,dense,2.259894500000e-3
SAMPLE,CAL,C23,D16:M2:K31:N129:R2:C64:P31:PANEL32:EXACT128:LANE1250:INDEX1153,2,table,7.237156097561e-5
SAMPLE,CAL,C23,D16:M2:K31:N129:R2:C64:P31:PANEL32:EXACT128:LANE1250:INDEX1153,2,dense,2.258011000000e-3
SAMPLE,CAL,C23,D16:M2:K31:N129:R2:C64:P31:PANEL32:EXACT128:LANE1250:INDEX1153,3,table,7.254039024390e-5
SAMPLE,CAL,C23,D16:M2:K31:N129:R2:C64:P31:PANEL32:EXACT128:LANE1250:INDEX1153,3,dense,2.266652500000e-3
SAMPLE,CAL,C23,D16:M2:K31:N129:R2:C64:P31:PANEL32:EXACT128:LANE1250:INDEX1153,4,table,7.249543902439e-5
SAMPLE,CAL,C23,D16:M2:K31:N129:R2:C64:P31:PANEL32:EXACT128:LANE1250:INDEX1153,4,dense,2.263987000000e-3
SAMPLE,CAL,C23,D16:M2:K31:N129:R2:C64:P31:PANEL32:EXACT128:LANE1250:INDEX1153,5,table,9.520707317073e-5
SAMPLE,CAL,C23,D16:M2:K31:N129:R2:C64:P31:PANEL32:EXACT128:LANE1250:INDEX1153,5,dense,3.381476000000e-3
SAMPLE,CAL,C23,D16:M2:K31:N129:R2:C64:P31:PANEL32:EXACT128:LANE1250:INDEX1153,6,table,7.319404878049e-5
SAMPLE,CAL,C23,D16:M2:K31:N129:R2:C64:P31:PANEL32:EXACT128:LANE1250:INDEX1153,6,dense,2.314296000000e-3
SAMPLE,CAL,C23,D16:M2:K31:N129:R2:C64:P31:PANEL32:EXACT128:LANE1250:INDEX1153,7,table,7.265721951220e-5
SAMPLE,CAL,C23,D16:M2:K31:N129:R2:C64:P31:PANEL32:EXACT128:LANE1250:INDEX1153,7,dense,2.256618500000e-3
SAMPLE,CAL,C23,D16:M2:K31:N129:R2:C64:P31:PANEL32:EXACT128:LANE1250:INDEX1153,8,table,7.246758536585e-5
SAMPLE,CAL,C23,D16:M2:K31:N129:R2:C64:P31:PANEL32:EXACT128:LANE1250:INDEX1153,8,dense,2.301302000000e-3
CAL,C24,16,2,31,129,table,1.165847847e-4,2.005005084e-5,2.483624000e-3,3.527610911e-4,4.685045355e-2,2.618745543e-3,0.0003438283491105337,0.0016078197913764712,0,0,0,0,0,0,0,0,0,0,0,0,0,0,0,3,2046,7998,2046,10044,129,16,1,281474943156225
SAMPLE,CAL,C24,D16:M2:K31:N129:R2:C64:P31:PANEL32:EXACT128:LANE1250:INDEX0,0,table,1.858310000000e-4
SAMPLE,CAL,C24,D16:M2:K31:N129:R2:C64:P31:PANEL32:EXACT128:LANE1250:INDEX0,0,dense,3.631061000000e-3
SAMPLE,CAL,C24,D16:M2:K31:N129:R2:C64:P31:PANEL32:EXACT128:LANE1250:INDEX0,1,table,1.086576250000e-4
SAMPLE,CAL,C24,D16:M2:K31:N129:R2:C64:P31:PANEL32:EXACT128:LANE1250:INDEX0,1,dense,2.735201000000e-3
SAMPLE,CAL,C24,D16:M2:K31:N129:R2:C64:P31:PANEL32:EXACT128:LANE1250:INDEX0,2,table,1.062788125000e-4
SAMPLE,CAL,C24,D16:M2:K31:N129:R2:C64:P31:PANEL32:EXACT128:LANE1250:INDEX0,2,dense,2.257170000000e-3
SAMPLE,CAL,C24,D16:M2:K31:N129:R2:C64:P31:PANEL32:EXACT128:LANE1250:INDEX0,3,table,1.070151875000e-4
SAMPLE,CAL,C24,D16:M2:K31:N129:R2:C64:P31:PANEL32:EXACT128:LANE1250:INDEX0,3,dense,2.241791000000e-3
SAMPLE,CAL,C24,D16:M2:K31:N129:R2:C64:P31:PANEL32:EXACT128:LANE1250:INDEX0,4,table,1.062569375000e-4
SAMPLE,CAL,C24,D16:M2:K31:N129:R2:C64:P31:PANEL32:EXACT128:LANE1250:INDEX0,4,dense,2.427066000000e-3
SAMPLE,CAL,C24,D16:M2:K31:N129:R2:C64:P31:PANEL32:EXACT128:LANE1250:INDEX0,5,table,1.141904375000e-4
SAMPLE,CAL,C24,D16:M2:K31:N129:R2:C64:P31:PANEL32:EXACT128:LANE1250:INDEX0,5,dense,2.268671000000e-3
SAMPLE,CAL,C24,D16:M2:K31:N129:R2:C64:P31:PANEL32:EXACT128:LANE1250:INDEX0,6,table,1.071316875000e-4
SAMPLE,CAL,C24,D16:M2:K31:N129:R2:C64:P31:PANEL32:EXACT128:LANE1250:INDEX0,6,dense,2.252992000000e-3
SAMPLE,CAL,C24,D16:M2:K31:N129:R2:C64:P31:PANEL32:EXACT128:LANE1250:INDEX0,7,table,1.069932500000e-4
SAMPLE,CAL,C24,D16:M2:K31:N129:R2:C64:P31:PANEL32:EXACT128:LANE1250:INDEX0,7,dense,2.289259000000e-3
SAMPLE,CAL,C24,D16:M2:K31:N129:R2:C64:P31:PANEL32:EXACT128:LANE1250:INDEX0,8,table,1.069081250000e-4
SAMPLE,CAL,C24,D16:M2:K31:N129:R2:C64:P31:PANEL32:EXACT128:LANE1250:INDEX0,8,dense,2.249405000000e-3
CAL,C25,256,9,8,257,table,1.243738741e-3,3.709532368e-4,7.143776000e-3,1.295212438e-3,1.701673298e-1,2.683314837e-2,0.0014187550722683272,0.006014843984704436,257,0,2056,2056,0,4112,0,0,0,0,0,0,0,0,0,10,18504,18504,18504,37008,257,3,1,281474943156225
SAMPLE,CAL,C25,D256:M9:K8:N257:R8:C64:P8:PANEL272:EXACT512:LANE18440:INDEX2305,0,table,1.362724666667e-3
SAMPLE,CAL,C25,D256:M9:K8:N257:R8:C64:P8:PANEL272:EXACT512:LANE18440:INDEX2305,0,dense,8.771167000000e-3
SAMPLE,CAL,C25,D256:M9:K8:N257:R8:C64:P8:PANEL272:EXACT512:LANE18440:INDEX2305,1,table,1.382902333333e-3
SAMPLE,CAL,C25,D256:M9:K8:N257:R8:C64:P8:PANEL272:EXACT512:LANE18440:INDEX2305,1,dense,8.276916000000e-3
SAMPLE,CAL,C25,D256:M9:K8:N257:R8:C64:P8:PANEL272:EXACT512:LANE18440:INDEX2305,2,table,2.041834666667e-3
SAMPLE,CAL,C25,D256:M9:K8:N257:R8:C64:P8:PANEL272:EXACT512:LANE18440:INDEX2305,2,dense,8.680389000000e-3
SAMPLE,CAL,C25,D256:M9:K8:N257:R8:C64:P8:PANEL272:EXACT512:LANE18440:INDEX2305,3,table,1.350522000000e-3
SAMPLE,CAL,C25,D256:M9:K8:N257:R8:C64:P8:PANEL272:EXACT512:LANE18440:INDEX2305,3,dense,8.626839000000e-3
SAMPLE,CAL,C25,D256:M9:K8:N257:R8:C64:P8:PANEL272:EXACT512:LANE18440:INDEX2305,4,table,1.864624000000e-3
SAMPLE,CAL,C25,D256:M9:K8:N257:R8:C64:P8:PANEL272:EXACT512:LANE18440:INDEX2305,4,dense,8.334393000000e-3
SAMPLE,CAL,C25,D256:M9:K8:N257:R8:C64:P8:PANEL272:EXACT512:LANE18440:INDEX2305,5,table,8.085446666667e-4
SAMPLE,CAL,C25,D256:M9:K8:N257:R8:C64:P8:PANEL272:EXACT512:LANE18440:INDEX2305,5,dense,6.101539000000e-3
SAMPLE,CAL,C25,D256:M9:K8:N257:R8:C64:P8:PANEL272:EXACT512:LANE18440:INDEX2305,6,table,7.926580000000e-4
SAMPLE,CAL,C25,D256:M9:K8:N257:R8:C64:P8:PANEL272:EXACT512:LANE18440:INDEX2305,6,dense,5.182615000000e-3
SAMPLE,CAL,C25,D256:M9:K8:N257:R8:C64:P8:PANEL272:EXACT512:LANE18440:INDEX2305,7,table,7.990436666667e-4
SAMPLE,CAL,C25,D256:M9:K8:N257:R8:C64:P8:PANEL272:EXACT512:LANE18440:INDEX2305,7,dense,5.179569000000e-3
SAMPLE,CAL,C25,D256:M9:K8:N257:R8:C64:P8:PANEL272:EXACT512:LANE18440:INDEX2305,8,table,7.907946666667e-4
SAMPLE,CAL,C25,D256:M9:K8:N257:R8:C64:P8:PANEL272:EXACT512:LANE18440:INDEX2305,8,dense,5.140557000000e-3
CAL,C26,3,4,64,257,table,8.280729815e-4,2.595158380e-4,2.045849444e-2,4.169941412e-3,3.991765716e-2,7.137415371e-3,0.0016874256838458797,0.015740292752045387,1,256,4112,16448,0,2368,0,0,0,0,0,0,0,0,0,37,9472,9472,9472,18944,4112,6,1,281474943156225
SAMPLE,CAL,C26,D3:M4:K64:N257:R4:C7:P64:PANEL19:EXACT28:LANE2052:INDEX2305,0,table,5.408186666667e-4
SAMPLE,CAL,C26,D3:M4:K64:N257:R4:C7:P64:PANEL19:EXACT28:LANE2052:INDEX2305,0,dense,1.336908300000e-2
SAMPLE,CAL,C26,D3:M4:K64:N257:R4:C7:P64:PANEL19:EXACT28:LANE2052:INDEX2305,1,table,4.654713333333e-4
SAMPLE,CAL,C26,D3:M4:K64:N257:R4:C7:P64:PANEL19:EXACT28:LANE2052:INDEX2305,1,dense,1.294255700000e-2
SAMPLE,CAL,C26,D3:M4:K64:N257:R4:C7:P64:PANEL19:EXACT28:LANE2052:INDEX2305,2,table,4.650390000000e-4
SAMPLE,CAL,C26,D3:M4:K64:N257:R4:C7:P64:PANEL19:EXACT28:LANE2052:INDEX2305,2,dense,1.608719200000e-2
SAMPLE,CAL,C26,D3:M4:K64:N257:R4:C7:P64:PANEL19:EXACT28:LANE2052:INDEX2305,3,table,8.478758333333e-4
SAMPLE,CAL,C26,D3:M4:K64:N257:R4:C7:P64:PANEL19:EXACT28:LANE2052:INDEX2305,3,dense,1.770388700000e-2
SAMPLE,CAL,C26,D3:M4:K64:N257:R4:C7:P64:PANEL19:EXACT28:LANE2052:INDEX2305,4,table,8.791946666667e-4
SAMPLE,CAL,C26,D3:M4:K64:N257:R4:C7:P64:PANEL19:EXACT28:LANE2052:INDEX2305,4,dense,2.391658700000e-2
SAMPLE,CAL,C26,D3:M4:K64:N257:R4:C7:P64:PANEL19:EXACT28:LANE2052:INDEX2305,5,table,8.069216666667e-4
SAMPLE,CAL,C26,D3:M4:K64:N257:R4:C7:P64:PANEL19:EXACT28:LANE2052:INDEX2305,5,dense,2.588104700000e-2
SAMPLE,CAL,C26,D3:M4:K64:N257:R4:C7:P64:PANEL19:EXACT28:LANE2052:INDEX2305,6,table,8.061818333333e-4
SAMPLE,CAL,C26,D3:M4:K64:N257:R4:C7:P64:PANEL19:EXACT28:LANE2052:INDEX2305,6,dense,2.281343500000e-2
SAMPLE,CAL,C26,D3:M4:K64:N257:R4:C7:P64:PANEL19:EXACT28:LANE2052:INDEX2305,7,table,1.516847000000e-3
SAMPLE,CAL,C26,D3:M4:K64:N257:R4:C7:P64:PANEL19:EXACT28:LANE2052:INDEX2305,7,dense,2.567001400000e-2
SAMPLE,CAL,C26,D3:M4:K64:N257:R4:C7:P64:PANEL19:EXACT28:LANE2052:INDEX2305,8,table,1.124306833333e-3
SAMPLE,CAL,C26,D3:M4:K64:N257:R4:C7:P64:PANEL19:EXACT28:LANE2052:INDEX2305,8,dense,2.574264800000e-2
CAL,C27,5,17,21,2,dense,5.683125714e-5,1.052831266e-5,9.739692000e-5,2.364643345e-5,6.090163475e-1,1.066715793e-1,0.00017648640044178032,0.00015820154038951036,2,0,32,6,1,84,0,166,82,2,82,10,72,2,82,0,714,714,85,1450,4,35,25,8935141660703064064
SAMPLE,CAL,C27,D5:M17:K21:N2:R16:C1:P21:PANEL21:EXACT16:LANE2720:INDEX10,0,table,5.755417142857e-5
SAMPLE,CAL,C27,D5:M17:K21:N2:R16:C1:P21:PANEL21:EXACT16:LANE2720:INDEX10,0,dense,8.829148000000e-5
SAMPLE,CAL,C27,D5:M17:K21:N2:R16:C1:P21:PANEL21:EXACT16:LANE2720:INDEX10,1,table,5.513511428571e-5
SAMPLE,CAL,C27,D5:M17:K21:N2:R16:C1:P21:PANEL21:EXACT16:LANE2720:INDEX10,1,dense,8.257200000000e-5
SAMPLE,CAL,C27,D5:M17:K21:N2:R16:C1:P21:PANEL21:EXACT16:LANE2720:INDEX10,2,table,5.436797142857e-5
SAMPLE,CAL,C27,D5:M17:K21:N2:R16:C1:P21:PANEL21:EXACT16:LANE2720:INDEX10,2,dense,8.864808000000e-5
SAMPLE,CAL,C27,D5:M17:K21:N2:R16:C1:P21:PANEL21:EXACT16:LANE2720:INDEX10,3,table,6.009437142857e-5
SAMPLE,CAL,C27,D5:M17:K21:N2:R16:C1:P21:PANEL21:EXACT16:LANE2720:INDEX10,3,dense,8.821532000000e-5
SAMPLE,CAL,C27,D5:M17:K21:N2:R16:C1:P21:PANEL21:EXACT16:LANE2720:INDEX10,4,table,5.598011428571e-5
SAMPLE,CAL,C27,D5:M17:K21:N2:R16:C1:P21:PANEL21:EXACT16:LANE2720:INDEX10,4,dense,1.145200000000e-4
SAMPLE,CAL,C27,D5:M17:K21:N2:R16:C1:P21:PANEL21:EXACT16:LANE2720:INDEX10,5,table,6.694114285714e-5
SAMPLE,CAL,C27,D5:M17:K21:N2:R16:C1:P21:PANEL21:EXACT16:LANE2720:INDEX10,5,dense,9.116924000000e-5
SAMPLE,CAL,C27,D5:M17:K21:N2:R16:C1:P21:PANEL21:EXACT16:LANE2720:INDEX10,6,table,8.129762857143e-5
SAMPLE,CAL,C27,D5:M17:K21:N2:R16:C1:P21:PANEL21:EXACT16:LANE2720:INDEX10,6,dense,1.076939200000e-4
SAMPLE,CAL,C27,D5:M17:K21:N2:R16:C1:P21:PANEL21:EXACT16:LANE2720:INDEX10,7,table,5.045522857143e-5
SAMPLE,CAL,C27,D5:M17:K21:N2:R16:C1:P21:PANEL21:EXACT16:LANE2720:INDEX10,7,dense,1.645452800000e-4
SAMPLE,CAL,C27,D5:M17:K21:N2:R16:C1:P21:PANEL21:EXACT16:LANE2720:INDEX10,8,table,2.965557142857e-5
SAMPLE,CAL,C27,D5:M17:K21:N2:R16:C1:P21:PANEL21:EXACT16:LANE2720:INDEX10,8,dense,5.091696000000e-5
CAL,C28,16,16,65,3,table,2.941577222e-4,6.604498330e-5,9.609068148e-4,1.954713006e-4,3.071471399e-1,3.956491228e-2,0.0004628411170064619,0.0006806230517507903,3,0,48,10,1,195,0,195,0,195,0,0,0,40,0,3,3120,3120,3120,6435,144,10,3,4611685468671590400
SAMPLE,CAL,C28,D16:M16:K65:N3:R16:C1:P65:PANEL32:EXACT16:LANE16688:INDEX19,0,table,3.918488000000e-4
SAMPLE,CAL,C28,D16:M16:K65:N3:R16:C1:P65:PANEL32:EXACT16:LANE16688:INDEX19,0,dense,1.449436666667e-3
SAMPLE,CAL,C28,D16:M16:K65:N3:R16:C1:P65:PANEL32:EXACT16:LANE16688:INDEX19,1,table,3.044358000000e-4
SAMPLE,CAL,C28,D16:M16:K65:N3:R16:C1:P65:PANEL32:EXACT16:LANE16688:INDEX19,1,dense,1.102649666667e-3
SAMPLE,CAL,C28,D16:M16:K65:N3:R16:C1:P65:PANEL32:EXACT16:LANE16688:INDEX19,2,table,4.369201000000e-4
SAMPLE,CAL,C28,D16:M16:K65:N3:R16:C1:P65:PANEL32:EXACT16:LANE16688:INDEX19,2,dense,1.034866666667e-3
SAMPLE,CAL,C28,D16:M16:K65:N3:R16:C1:P65:PANEL32:EXACT16:LANE16688:INDEX19,3,table,2.251218000000e-4
SAMPLE,CAL,C28,D16:M16:K65:N3:R16:C1:P65:PANEL32:EXACT16:LANE16688:INDEX19,3,dense,6.513813333333e-4
SAMPLE,CAL,C28,D16:M16:K65:N3:R16:C1:P65:PANEL32:EXACT16:LANE16688:INDEX19,4,table,3.015834000000e-4
SAMPLE,CAL,C28,D16:M16:K65:N3:R16:C1:P65:PANEL32:EXACT16:LANE16688:INDEX19,4,dense,9.880656666667e-4
SAMPLE,CAL,C28,D16:M16:K65:N3:R16:C1:P65:PANEL32:EXACT16:LANE16688:INDEX19,5,table,3.137752000000e-4
SAMPLE,CAL,C28,D16:M16:K65:N3:R16:C1:P65:PANEL32:EXACT16:LANE16688:INDEX19,5,dense,1.007302000000e-3
SAMPLE,CAL,C28,D16:M16:K65:N3:R16:C1:P65:PANEL32:EXACT16:LANE16688:INDEX19,6,table,3.033166000000e-4
SAMPLE,CAL,C28,D16:M16:K65:N3:R16:C1:P65:PANEL32:EXACT16:LANE16688:INDEX19,6,dense,1.027045333333e-3
SAMPLE,CAL,C28,D16:M16:K65:N3:R16:C1:P65:PANEL32:EXACT16:LANE16688:INDEX19,7,table,1.852264000000e-4
SAMPLE,CAL,C28,D16:M16:K65:N3:R16:C1:P65:PANEL32:EXACT16:LANE16688:INDEX19,7,dense,7.539493333333e-4
SAMPLE,CAL,C28,D16:M16:K65:N3:R16:C1:P65:PANEL32:EXACT16:LANE16688:INDEX19,8,table,1.851914000000e-4
SAMPLE,CAL,C28,D16:M16:K65:N3:R16:C1:P65:PANEL32:EXACT16:LANE16688:INDEX19,8,dense,6.334646666667e-4
CAL,C29,5,17,43,11,table,9.526203922e-5,1.287620961e-5,8.438371637e-5,7.487894293e-6,1.143677057e0,1.948878448e-1,0.00044761526314416916,0.002002045548475606,3,8,176,473,0,516,0,1032,516,0,344,0,344,0,344,0,2958,4386,0,7344,561,34,38,8935141660703064064
SAMPLE,CAL,C29,D5:M17:K43:N11:R16:C3:P43:PANEL21:EXACT48:LANE5680:INDEX75,0,table,8.875020588235e-5
SAMPLE,CAL,C29,D5:M17:K43:N11:R16:C3:P43:PANEL21:EXACT48:LANE5680:INDEX75,0,dense,8.099710526316e-5
SAMPLE,CAL,C29,D5:M17:K43:N11:R16:C3:P43:PANEL21:EXACT48:LANE5680:INDEX75,1,table,8.868041176471e-5
SAMPLE,CAL,C29,D5:M17:K43:N11:R16:C3:P43:PANEL21:EXACT48:LANE5680:INDEX75,1,dense,8.039281578947e-5
SAMPLE,CAL,C29,D5:M17:K43:N11:R16:C3:P43:PANEL21:EXACT48:LANE5680:INDEX75,2,table,9.532985294118e-5
SAMPLE,CAL,C29,D5:M17:K43:N11:R16:C3:P43:PANEL21:EXACT48:LANE5680:INDEX75,2,dense,8.225447368421e-5
SAMPLE,CAL,C29,D5:M17:K43:N11:R16:C3:P43:PANEL21:EXACT48:LANE5680:INDEX75,3,table,1.395620588235e-4
SAMPLE,CAL,C29,D5:M17:K43:N11:R16:C3:P43:PANEL21:EXACT48:LANE5680:INDEX75,3,dense,7.923618421053e-5
SAMPLE,CAL,C29,D5:M17:K43:N11:R16:C3:P43:PANEL21:EXACT48:LANE5680:INDEX75,4,table,8.987997058824e-5
SAMPLE,CAL,C29,D5:M17:K43:N11:R16:C3:P43:PANEL21:EXACT48:LANE5680:INDEX75,4,dense,8.011255263158e-5
SAMPLE,CAL,C29,D5:M17:K43:N11:R16:C3:P43:PANEL21:EXACT48:LANE5680:INDEX75,5,table,8.899008823529e-5
SAMPLE,CAL,C29,D5:M17:K43:N11:R16:C3:P43:PANEL21:EXACT48:LANE5680:INDEX75,5,dense,8.040073684211e-5
SAMPLE,CAL,C29,D5:M17:K43:N11:R16:C3:P43:PANEL21:EXACT48:LANE5680:INDEX75,6,table,8.865738235294e-5
SAMPLE,CAL,C29,D5:M17:K43:N11:R16:C3:P43:PANEL21:EXACT48:LANE5680:INDEX75,6,dense,8.570244736842e-5
SAMPLE,CAL,C29,D5:M17:K43:N11:R16:C3:P43:PANEL21:EXACT48:LANE5680:INDEX75,7,table,8.881650000000e-5
SAMPLE,CAL,C29,D5:M17:K43:N11:R16:C3:P43:PANEL21:EXACT48:LANE5680:INDEX75,7,dense,8.048457894737e-5
SAMPLE,CAL,C29,D5:M17:K43:N11:R16:C3:P43:PANEL21:EXACT48:LANE5680:INDEX75,8,table,8.869188235294e-5
SAMPLE,CAL,C29,D5:M17:K43:N11:R16:C3:P43:PANEL21:EXACT48:LANE5680:INDEX75,8,dense,1.098725526316e-4
CAL,C30,256,2,64,65,table,1.194132611e-3,5.124851187e-6,2.182617222e-3,1.069064090e-5,5.471341117e-1,3.942396686e-3,0.0013467397197418172,0.0014874783471852972,65,0,1040,4160,0,4160,0,8320,4160,0,576,576,0,0,576,0,8320,8320,8320,24960,65,2,1,8935141660703064064
SAMPLE,CAL,C30,D256:M2:K64:N65:R2:C8:P64:PANEL272:EXACT16:LANE32898:INDEX577,0,table,1.199377000000e-3
SAMPLE,CAL,C30,D256:M2:K64:N65:R2:C8:P64:PANEL272:EXACT16:LANE32898:INDEX577,0,dense,2.181378000000e-3
SAMPLE,CAL,C30,D256:M2:K64:N65:R2:C8:P64:PANEL272:EXACT16:LANE32898:INDEX577,1,table,1.189258000000e-3
SAMPLE,CAL,C30,D256:M2:K64:N65:R2:C8:P64:PANEL272:EXACT16:LANE32898:INDEX577,1,dense,2.165228000000e-3
SAMPLE,CAL,C30,D256:M2:K64:N65:R2:C8:P64:PANEL272:EXACT16:LANE32898:INDEX577,2,table,1.193946500000e-3
SAMPLE,CAL,C30,D256:M2:K64:N65:R2:C8:P64:PANEL272:EXACT16:LANE32898:INDEX577,2,dense,2.173333000000e-3
SAMPLE,CAL,C30,D256:M2:K64:N65:R2:C8:P64:PANEL272:EXACT16:LANE32898:INDEX577,3,table,1.188176000000e-3
SAMPLE,CAL,C30,D256:M2:K64:N65:R2:C8:P64:PANEL272:EXACT16:LANE32898:INDEX577,3,dense,2.211845000000e-3
SAMPLE,CAL,C30,D256:M2:K64:N65:R2:C8:P64:PANEL272:EXACT16:LANE32898:INDEX577,4,table,1.209250500000e-3
SAMPLE,CAL,C30,D256:M2:K64:N65:R2:C8:P64:PANEL272:EXACT16:LANE32898:INDEX577,4,dense,2.174947000000e-3
SAMPLE,CAL,C30,D256:M2:K64:N65:R2:C8:P64:PANEL272:EXACT16:LANE32898:INDEX577,5,table,1.193220000000e-3
SAMPLE,CAL,C30,D256:M2:K64:N65:R2:C8:P64:PANEL272:EXACT16:LANE32898:INDEX577,5,dense,2.195705000000e-3
SAMPLE,CAL,C30,D256:M2:K64:N65:R2:C8:P64:PANEL272:EXACT16:LANE32898:INDEX577,6,table,1.191602000000e-3
SAMPLE,CAL,C30,D256:M2:K64:N65:R2:C8:P64:PANEL272:EXACT16:LANE32898:INDEX577,6,dense,2.177651000000e-3
SAMPLE,CAL,C30,D256:M2:K64:N65:R2:C8:P64:PANEL272:EXACT16:LANE32898:INDEX577,7,table,1.193977000000e-3
SAMPLE,CAL,C30,D256:M2:K64:N65:R2:C8:P64:PANEL272:EXACT16:LANE32898:INDEX577,7,dense,2.186568000000e-3
SAMPLE,CAL,C30,D256:M2:K64:N65:R2:C8:P64:PANEL272:EXACT16:LANE32898:INDEX577,8,table,1.188386500000e-3
SAMPLE,CAL,C30,D256:M2:K64:N65:R2:C8:P64:PANEL272:EXACT16:LANE32898:INDEX577,8,dense,2.176900000000e-3
CAL,C31,16,3,127,9,table,1.775877659e-4,6.357608158e-5,4.337162757e-5,1.901536109e-5,4.331318639e0,1.116409632e0,0.00033120868283023717,0.0006819786852481107,9,0,144,1143,0,2286,0,4572,2286,0,254,0,254,0,254,0,3051,3429,0,6480,108,28,108,8935141660703064064
SAMPLE,CAL,C31,D16:M3:K127:N9:R2:C9:P127:PANEL32:EXACT18:LANE4082:INDEX73,0,table,1.078357500000e-4
SAMPLE,CAL,C31,D16:M3:K127:N9:R2:C9:P127:PANEL32:EXACT18:LANE4082:INDEX73,0,dense,2.825667592593e-5
SAMPLE,CAL,C31,D16:M3:K127:N9:R2:C9:P127:PANEL32:EXACT18:LANE4082:INDEX73,1,table,1.078003571429e-4
SAMPLE,CAL,C31,D16:M3:K127:N9:R2:C9:P127:PANEL32:EXACT18:LANE4082:INDEX73,1,dense,2.816474074074e-5
SAMPLE,CAL,C31,D16:M3:K127:N9:R2:C9:P127:PANEL32:EXACT18:LANE4082:INDEX73,2,table,1.147497142857e-4
SAMPLE,CAL,C31,D16:M3:K127:N9:R2:C9:P127:PANEL32:EXACT18:LANE4082:INDEX73,2,dense,2.813200000000e-5
SAMPLE,CAL,C31,D16:M3:K127:N9:R2:C9:P127:PANEL32:EXACT18:LANE4082:INDEX73,3,table,1.105776428571e-4
SAMPLE,CAL,C31,D16:M3:K127:N9:R2:C9:P127:PANEL32:EXACT18:LANE4082:INDEX73,3,dense,2.805983333333e-5
SAMPLE,CAL,C31,D16:M3:K127:N9:R2:C9:P127:PANEL32:EXACT18:LANE4082:INDEX73,4,table,1.078386071429e-4
SAMPLE,CAL,C31,D16:M3:K127:N9:R2:C9:P127:PANEL32:EXACT18:LANE4082:INDEX73,4,dense,2.804462037037e-5
SAMPLE,CAL,C31,D16:M3:K127:N9:R2:C9:P127:PANEL32:EXACT18:LANE4082:INDEX73,5,table,2.425801428571e-4
SAMPLE,CAL,C31,D16:M3:K127:N9:R2:C9:P127:PANEL32:EXACT18:LANE4082:INDEX73,5,dense,3.023611111111e-5
SAMPLE,CAL,C31,D16:M3:K127:N9:R2:C9:P127:PANEL32:EXACT18:LANE4082:INDEX73,6,table,2.699008571429e-4
SAMPLE,CAL,C31,D16:M3:K127:N9:R2:C9:P127:PANEL32:EXACT18:LANE4082:INDEX73,6,dense,5.645687037037e-5
SAMPLE,CAL,C31,D16:M3:K127:N9:R2:C9:P127:PANEL32:EXACT18:LANE4082:INDEX73,7,table,2.337888571429e-4
SAMPLE,CAL,C31,D16:M3:K127:N9:R2:C9:P127:PANEL32:EXACT18:LANE4082:INDEX73,7,dense,6.594678703704e-5
SAMPLE,CAL,C31,D16:M3:K127:N9:R2:C9:P127:PANEL32:EXACT18:LANE4082:INDEX73,8,table,3.032179642857e-4
SAMPLE,CAL,C31,D16:M3:K127:N9:R2:C9:P127:PANEL32:EXACT18:LANE4082:INDEX73,8,dense,9.704700925926e-5
CAL,C32,256,1,4096,4,dense,3.086490111e-3,4.097715149e-4,1.221870389e-3,1.420874227e-4,2.519013102e0,1.528970251e-1,0.0029790948907828098,0.002574901299800804,4,0,64,9,1,16384,0,32768,16384,0,4096,0,4096,0,4096,0,16383,16384,1834,40955,64,2,4,8935141660703064064
SAMPLE,CAL,C32,D256:M1:K4096:N4:R1:C4:P128:PANEL272:EXACT4:LANE32772:INDEX20,0,table,1.684020500000e-3
SAMPLE,CAL,C32,D256:M1:K4096:N4:R1:C4:P128:PANEL272:EXACT4:LANE32772:INDEX20,0,dense,7.525435000000e-4
SAMPLE,CAL,C32,D256:M1:K4096:N4:R1:C4:P128:PANEL272:EXACT4:LANE32772:INDEX20,1,table,3.377529000000e-3
SAMPLE,CAL,C32,D256:M1:K4096:N4:R1:C4:P128:PANEL272:EXACT4:LANE32772:INDEX20,1,dense,1.142856500000e-3
SAMPLE,CAL,C32,D256:M1:K4096:N4:R1:C4:P128:PANEL272:EXACT4:LANE32772:INDEX20,2,table,3.293201500000e-3
SAMPLE,CAL,C32,D256:M1:K4096:N4:R1:C4:P128:PANEL272:EXACT4:LANE32772:INDEX20,2,dense,1.298188500000e-3
SAMPLE,CAL,C32,D256:M1:K4096:N4:R1:C4:P128:PANEL272:EXACT4:LANE32772:INDEX20,3,table,3.181654000000e-3
SAMPLE,CAL,C32,D256:M1:K4096:N4:R1:C4:P128:PANEL272:EXACT4:LANE32772:INDEX20,3,dense,1.344119250000e-3
SAMPLE,CAL,C32,D256:M1:K4096:N4:R1:C4:P128:PANEL272:EXACT4:LANE32772:INDEX20,4,table,3.197929000000e-3
SAMPLE,CAL,C32,D256:M1:K4096:N4:R1:C4:P128:PANEL272:EXACT4:LANE32772:INDEX20,4,dense,1.266694750000e-3
SAMPLE,CAL,C32,D256:M1:K4096:N4:R1:C4:P128:PANEL272:EXACT4:LANE32772:INDEX20,5,table,3.320011500000e-3
SAMPLE,CAL,C32,D256:M1:K4096:N4:R1:C4:P128:PANEL272:EXACT4:LANE32772:INDEX20,5,dense,1.320452500000e-3
SAMPLE,CAL,C32,D256:M1:K4096:N4:R1:C4:P128:PANEL272:EXACT4:LANE32772:INDEX20,6,table,3.345940000000e-3
SAMPLE,CAL,C32,D256:M1:K4096:N4:R1:C4:P128:PANEL272:EXACT4:LANE32772:INDEX20,6,dense,1.280776250000e-3
SAMPLE,CAL,C32,D256:M1:K4096:N4:R1:C4:P128:PANEL272:EXACT4:LANE32772:INDEX20,7,table,3.103077500000e-3
SAMPLE,CAL,C32,D256:M1:K4096:N4:R1:C4:P128:PANEL272:EXACT4:LANE32772:INDEX20,7,dense,1.294441500000e-3
SAMPLE,CAL,C32,D256:M1:K4096:N4:R1:C4:P128:PANEL272:EXACT4:LANE32772:INDEX20,8,table,3.275048000000e-3
SAMPLE,CAL,C32,D256:M1:K4096:N4:R1:C4:P128:PANEL272:EXACT4:LANE32772:INDEX20,8,dense,1.296760750000e-3
HOLDOUT,H01,3,2,43,13,table,4.138734515e-5,1.244521988e-5,2.234737667e-4,1.200315544e-5,1.820548271e-1,3.967223034e-2,0.00012548230060597208,0.000278359274119603,5,8,208,559,0,473,0,0,0,0,0,0,0,0,0,4,860,946,860,1806,78,47,10,281474943156225
SAMPLE,HOLDOUT,H01,D3:M2:K43:N13:R2:C4:P43:PANEL19:EXACT8:LANE370:INDEX77,0,table,8.456104255319e-5
SAMPLE,HOLDOUT,H01,D3:M2:K43:N13:R2:C4:P43:PANEL19:EXACT8:LANE370:INDEX77,0,dense,2.645934000000e-4
SAMPLE,HOLDOUT,H01,D3:M2:K43:N13:R2:C4:P43:PANEL19:EXACT8:LANE370:INDEX77,1,table,3.608495744681e-5
SAMPLE,HOLDOUT,H01,D3:M2:K43:N13:R2:C4:P43:PANEL19:EXACT8:LANE370:INDEX77,1,dense,2.228236000000e-4
SAMPLE,HOLDOUT,H01,D3:M2:K43:N13:R2:C4:P43:PANEL19:EXACT8:LANE370:INDEX77,2,table,3.584557446809e-5
SAMPLE,HOLDOUT,H01,D3:M2:K43:N13:R2:C4:P43:PANEL19:EXACT8:LANE370:INDEX77,2,dense,2.198591000000e-4
SAMPLE,HOLDOUT,H01,D3:M2:K43:N13:R2:C4:P43:PANEL19:EXACT8:LANE370:INDEX77,3,table,3.576542553191e-5
SAMPLE,HOLDOUT,H01,D3:M2:K43:N13:R2:C4:P43:PANEL19:EXACT8:LANE370:INDEX77,3,dense,2.160289000000e-4
SAMPLE,HOLDOUT,H01,D3:M2:K43:N13:R2:C4:P43:PANEL19:EXACT8:LANE370:INDEX77,4,table,3.609006382979e-5
SAMPLE,HOLDOUT,H01,D3:M2:K43:N13:R2:C4:P43:PANEL19:EXACT8:LANE370:INDEX77,4,dense,2.181077000000e-4
SAMPLE,HOLDOUT,H01,D3:M2:K43:N13:R2:C4:P43:PANEL19:EXACT8:LANE370:INDEX77,5,table,3.600523404255e-5
SAMPLE,HOLDOUT,H01,D3:M2:K43:N13:R2:C4:P43:PANEL19:EXACT8:LANE370:INDEX77,5,dense,2.172863000000e-4
SAMPLE,HOLDOUT,H01,D3:M2:K43:N13:R2:C4:P43:PANEL19:EXACT8:LANE370:INDEX77,6,table,3.594661702128e-5
SAMPLE,HOLDOUT,H01,D3:M2:K43:N13:R2:C4:P43:PANEL19:EXACT8:LANE370:INDEX77,6,dense,2.209410000000e-4
SAMPLE,HOLDOUT,H01,D3:M2:K43:N13:R2:C4:P43:PANEL19:EXACT8:LANE370:INDEX77,7,table,3.617704255319e-5
SAMPLE,HOLDOUT,H01,D3:M2:K43:N13:R2:C4:P43:PANEL19:EXACT8:LANE370:INDEX77,7,dense,2.155700000000e-4
SAMPLE,HOLDOUT,H01,D3:M2:K43:N13:R2:C4:P43:PANEL19:EXACT8:LANE370:INDEX77,8,table,3.601014893617e-5
SAMPLE,HOLDOUT,H01,D3:M2:K43:N13:R2:C4:P43:PANEL19:EXACT8:LANE370:INDEX77,8,dense,2.160539000000e-4
HOLDOUT,H02,3,2,43,13,table,3.880941235e-5,7.735633390e-6,1.348140075e-5,3.094640774e-6,2.934810672e0,3.214762717e-1,0.00012548230060597208,0.000278359274119603,5,8,208,559,0,473,0,946,473,0,172,0,172,0,172,0,860,946,0,1806,78,90,267,8935141660703064064
SAMPLE,HOLDOUT,H02,D3:M2:K43:N13:R2:C4:P43:PANEL19:EXACT8:LANE370:INDEX77,0,table,3.385224444444e-5
SAMPLE,HOLDOUT,H02,D3:M2:K43:N13:R2:C4:P43:PANEL19:EXACT8:LANE370:INDEX77,0,dense,1.140253932584e-5
SAMPLE,HOLDOUT,H02,D3:M2:K43:N13:R2:C4:P43:PANEL19:EXACT8:LANE370:INDEX77,1,table,3.377365555556e-5
SAMPLE,HOLDOUT,H02,D3:M2:K43:N13:R2:C4:P43:PANEL19:EXACT8:LANE370:INDEX77,1,dense,1.174992509363e-5
SAMPLE,HOLDOUT,H02,D3:M2:K43:N13:R2:C4:P43:PANEL19:EXACT8:LANE370:INDEX77,2,table,3.329085555556e-5
SAMPLE,HOLDOUT,H02,D3:M2:K43:N13:R2:C4:P43:PANEL19:EXACT8:LANE370:INDEX77,2,dense,1.133094382022e-5
SAMPLE,HOLDOUT,H02,D3:M2:K43:N13:R2:C4:P43:PANEL19:EXACT8:LANE370:INDEX77,3,table,4.088881111111e-5
SAMPLE,HOLDOUT,H02,D3:M2:K43:N13:R2:C4:P43:PANEL19:EXACT8:LANE370:INDEX77,3,dense,1.133480898876e-5
SAMPLE,HOLDOUT,H02,D3:M2:K43:N13:R2:C4:P43:PANEL19:EXACT8:LANE370:INDEX77,4,table,6.392755555556e-5
SAMPLE,HOLDOUT,H02,D3:M2:K43:N13:R2:C4:P43:PANEL19:EXACT8:LANE370:INDEX77,4,dense,1.987556928839e-5
SAMPLE,HOLDOUT,H02,D3:M2:K43:N13:R2:C4:P43:PANEL19:EXACT8:LANE370:INDEX77,5,table,4.260812222222e-5
SAMPLE,HOLDOUT,H02,D3:M2:K43:N13:R2:C4:P43:PANEL19:EXACT8:LANE370:INDEX77,5,dense,2.123244569288e-5
SAMPLE,HOLDOUT,H02,D3:M2:K43:N13:R2:C4:P43:PANEL19:EXACT8:LANE370:INDEX77,6,table,3.334630000000e-5
SAMPLE,HOLDOUT,H02,D3:M2:K43:N13:R2:C4:P43:PANEL19:EXACT8:LANE370:INDEX77,6,dense,1.146392509363e-5
SAMPLE,HOLDOUT,H02,D3:M2:K43:N13:R2:C4:P43:PANEL19:EXACT8:LANE370:INDEX77,7,table,3.357761111111e-5
SAMPLE,HOLDOUT,H02,D3:M2:K43:N13:R2:C4:P43:PANEL19:EXACT8:LANE370:INDEX77,7,dense,1.146430337079e-5
SAMPLE,HOLDOUT,H02,D3:M2:K43:N13:R2:C4:P43:PANEL19:EXACT8:LANE370:INDEX77,8,table,3.401955555556e-5
SAMPLE,HOLDOUT,H02,D3:M2:K43:N13:R2:C4:P43:PANEL19:EXACT8:LANE370:INDEX77,8,dense,1.147814606742e-5
HOLDOUT,H03,5,17,64,19,table,2.021458086e-4,3.970863858e-5,4.564093333e-3,7.186261986e-4,4.418931345e-2,3.861626475e-3,0.0007554868579421604,0.004945636730457841,1,18,304,1216,0,512,0,0,0,0,0,0,0,0,0,8,4352,4352,4352,8704,1292,18,1,281474943156225
SAMPLE,HOLDOUT,H03,D5:M17:K64:N19:R16:C5:P64:PANEL21:EXACT80:LANE8496:INDEX147,0,table,1.763505555556e-4
SAMPLE,HOLDOUT,H03,D5:M17:K64:N19:R16:C5:P64:PANEL21:EXACT80:LANE8496:INDEX147,0,dense,3.983128000000e-3
SAMPLE,HOLDOUT,H03,D5:M17:K64:N19:R16:C5:P64:PANEL21:EXACT80:LANE8496:INDEX147,1,table,1.769249444444e-4
SAMPLE,HOLDOUT,H03,D5:M17:K64:N19:R16:C5:P64:PANEL21:EXACT80:LANE8496:INDEX147,1,dense,3.976336000000e-3
SAMPLE,HOLDOUT,H03,D5:M17:K64:N19:R16:C5:P64:PANEL21:EXACT80:LANE8496:INDEX147,2,table,1.769978888889e-4
SAMPLE,HOLDOUT,H03,D5:M17:K64:N19:R16:C5:P64:PANEL21:EXACT80:LANE8496:INDEX147,2,dense,3.995020000000e-3
SAMPLE,HOLDOUT,H03,D5:M17:K64:N19:R16:C5:P64:PANEL21:EXACT80:LANE8496:INDEX147,3,table,1.752880000000e-4
SAMPLE,HOLDOUT,H03,D5:M17:K64:N19:R16:C5:P64:PANEL21:EXACT80:LANE8496:INDEX147,3,dense,3.992867000000e-3
SAMPLE,HOLDOUT,H03,D5:M17:K64:N19:R16:C5:P64:PANEL21:EXACT80:LANE8496:INDEX147,4,table,1.749512777778e-4
SAMPLE,HOLDOUT,H03,D5:M17:K64:N19:R16:C5:P64:PANEL21:EXACT80:LANE8496:INDEX147,4,dense,4.042101000000e-3
SAMPLE,HOLDOUT,H03,D5:M17:K64:N19:R16:C5:P64:PANEL21:EXACT80:LANE8496:INDEX147,5,table,1.752618333333e-4
SAMPLE,HOLDOUT,H03,D5:M17:K64:N19:R16:C5:P64:PANEL21:EXACT80:LANE8496:INDEX147,5,dense,3.982948000000e-3
SAMPLE,HOLDOUT,H03,D5:M17:K64:N19:R16:C5:P64:PANEL21:EXACT80:LANE8496:INDEX147,6,table,1.771759444444e-4
SAMPLE,HOLDOUT,H03,D5:M17:K64:N19:R16:C5:P64:PANEL21:EXACT80:LANE8496:INDEX147,6,dense,5.107135000000e-3
SAMPLE,HOLDOUT,H03,D5:M17:K64:N19:R16:C5:P64:PANEL21:EXACT80:LANE8496:INDEX147,7,table,2.890930000000e-4
SAMPLE,HOLDOUT,H03,D5:M17:K64:N19:R16:C5:P64:PANEL21:EXACT80:LANE8496:INDEX147,7,dense,6.563511000000e-3
SAMPLE,HOLDOUT,H03,D5:M17:K64:N19:R16:C5:P64:PANEL21:EXACT80:LANE8496:INDEX147,8,table,2.972688333333e-4
SAMPLE,HOLDOUT,H03,D5:M17:K64:N19:R16:C5:P64:PANEL21:EXACT80:LANE8496:INDEX147,8,dense,5.433794000000e-3
HOLDOUT,H04,5,17,64,19,table,1.972300926e-4,3.920644407e-5,5.671665889e-3,8.609368350e-4,3.446783154e-2,1.356812744e-3,0.0007190551300431201,0.0036958115856988534,1,18,304,1216,0,512,0,0,0,0,0,0,0,0,0,8,4352,4352,4352,8704,38,18,1,281474943156225
SAMPLE,HOLDOUT,H04,D5:M17:K64:N19:R16:C5:P64:PANEL1109:EXACT80:LANE8496:INDEX147,0,table,1.711174444444e-4
SAMPLE,HOLDOUT,H04,D5:M17:K64:N19:R16:C5:P64:PANEL1109:EXACT80:LANE8496:INDEX147,0,dense,5.092297000000e-3
SAMPLE,HOLDOUT,H04,D5:M17:K64:N19:R16:C5:P64:PANEL1109:EXACT80:LANE8496:INDEX147,1,table,1.725478888889e-4
SAMPLE,HOLDOUT,H04,D5:M17:K64:N19:R16:C5:P64:PANEL1109:EXACT80:LANE8496:INDEX147,1,dense,5.153922000000e-3
SAMPLE,HOLDOUT,H04,D5:M17:K64:N19:R16:C5:P64:PANEL1109:EXACT80:LANE8496:INDEX147,2,table,1.709643888889e-4
SAMPLE,HOLDOUT,H04,D5:M17:K64:N19:R16:C5:P64:PANEL1109:EXACT80:LANE8496:INDEX147,2,dense,5.123455000000e-3
SAMPLE,HOLDOUT,H04,D5:M17:K64:N19:R16:C5:P64:PANEL1109:EXACT80:LANE8496:INDEX147,3,table,1.712621666667e-4
SAMPLE,HOLDOUT,H04,D5:M17:K64:N19:R16:C5:P64:PANEL1109:EXACT80:LANE8496:INDEX147,3,dense,5.082528000000e-3
SAMPLE,HOLDOUT,H04,D5:M17:K64:N19:R16:C5:P64:PANEL1109:EXACT80:LANE8496:INDEX147,4,table,1.708369444444e-4
SAMPLE,HOLDOUT,H04,D5:M17:K64:N19:R16:C5:P64:PANEL1109:EXACT80:LANE8496:INDEX147,4,dense,5.088761000000e-3
SAMPLE,HOLDOUT,H04,D5:M17:K64:N19:R16:C5:P64:PANEL1109:EXACT80:LANE8496:INDEX147,5,table,1.727788888889e-4
SAMPLE,HOLDOUT,H04,D5:M17:K64:N19:R16:C5:P64:PANEL1109:EXACT80:LANE8496:INDEX147,5,dense,5.093228000000e-3
SAMPLE,HOLDOUT,H04,D5:M17:K64:N19:R16:C5:P64:PANEL1109:EXACT80:LANE8496:INDEX147,6,table,1.711881111111e-4
SAMPLE,HOLDOUT,H04,D5:M17:K64:N19:R16:C5:P64:PANEL1109:EXACT80:LANE8496:INDEX147,6,dense,5.118065000000e-3
SAMPLE,HOLDOUT,H04,D5:M17:K64:N19:R16:C5:P64:PANEL1109:EXACT80:LANE8496:INDEX147,7,table,2.873030000000e-4
SAMPLE,HOLDOUT,H04,D5:M17:K64:N19:R16:C5:P64:PANEL1109:EXACT80:LANE8496:INDEX147,7,dense,7.597489000000e-3
SAMPLE,HOLDOUT,H04,D5:M17:K64:N19:R16:C5:P64:PANEL1109:EXACT80:LANE8496:INDEX147,8,table,2.870720000000e-4
SAMPLE,HOLDOUT,H04,D5:M17:K64:N19:R16:C5:P64:PANEL1109:EXACT80:LANE8496:INDEX147,8,dense,7.695248000000e-3
HOLDOUT,H05,16,1,15,33,dense,1.159490593e-4,1.431625025e-5,8.975146784e-5,3.835546362e-7,1.291890005e0,1.592639459e-1,0.00016083553070163104,0.0001222868650532861,18,15,495,495,0,495,0,990,495,0,75,75,0,0,75,0,468,495,468,1953,33,15,19,8935141660703064064
SAMPLE,HOLDOUT,H05,D16:M1:K15:N33:R1:C8:P15:PANEL32:EXACT8:LANE273:INDEX289,0,table,1.655588000000e-4
SAMPLE,HOLDOUT,H05,D16:M1:K15:N33:R1:C8:P15:PANEL32:EXACT8:LANE273:INDEX289,0,dense,8.983115789474e-5
SAMPLE,HOLDOUT,H05,D16:M1:K15:N33:R1:C8:P15:PANEL32:EXACT8:LANE273:INDEX289,1,table,1.087514666667e-4
SAMPLE,HOLDOUT,H05,D16:M1:K15:N33:R1:C8:P15:PANEL32:EXACT8:LANE273:INDEX289,1,dense,9.035957894737e-5
SAMPLE,HOLDOUT,H05,D16:M1:K15:N33:R1:C8:P15:PANEL32:EXACT8:LANE273:INDEX289,2,table,1.096037333333e-4
SAMPLE,HOLDOUT,H05,D16:M1:K15:N33:R1:C8:P15:PANEL32:EXACT8:LANE273:INDEX289,2,dense,8.977584210526e-5
SAMPLE,HOLDOUT,H05,D16:M1:K15:N33:R1:C8:P15:PANEL32:EXACT8:LANE273:INDEX289,3,table,1.096231333333e-4
SAMPLE,HOLDOUT,H05,D16:M1:K15:N33:R1:C8:P15:PANEL32:EXACT8:LANE273:INDEX289,3,dense,8.915100000000e-5
SAMPLE,HOLDOUT,H05,D16:M1:K15:N33:R1:C8:P15:PANEL32:EXACT8:LANE273:INDEX289,4,table,1.118780000000e-4
SAMPLE,HOLDOUT,H05,D16:M1:K15:N33:R1:C8:P15:PANEL32:EXACT8:LANE273:INDEX289,4,dense,8.931178947368e-5
SAMPLE,HOLDOUT,H05,D16:M1:K15:N33:R1:C8:P15:PANEL32:EXACT8:LANE273:INDEX289,5,table,1.096892000000e-4
SAMPLE,HOLDOUT,H05,D16:M1:K15:N33:R1:C8:P15:PANEL32:EXACT8:LANE273:INDEX289,5,dense,8.948584210526e-5
SAMPLE,HOLDOUT,H05,D16:M1:K15:N33:R1:C8:P15:PANEL32:EXACT8:LANE273:INDEX289,6,table,1.089284666667e-4
SAMPLE,HOLDOUT,H05,D16:M1:K15:N33:R1:C8:P15:PANEL32:EXACT8:LANE273:INDEX289,6,dense,9.054673684211e-5
SAMPLE,HOLDOUT,H05,D16:M1:K15:N33:R1:C8:P15:PANEL32:EXACT8:LANE273:INDEX289,7,table,1.098989333333e-4
SAMPLE,HOLDOUT,H05,D16:M1:K15:N33:R1:C8:P15:PANEL32:EXACT8:LANE273:INDEX289,7,dense,9.006168421053e-5
SAMPLE,HOLDOUT,H05,D16:M1:K15:N33:R1:C8:P15:PANEL32:EXACT8:LANE273:INDEX289,8,table,1.096098000000e-4
SAMPLE,HOLDOUT,H05,D16:M1:K15:N33:R1:C8:P15:PANEL32:EXACT8:LANE273:INDEX289,8,dense,8.923957894737e-5
HOLDOUT,H06,16,1,15,34,dense,1.296743730e-4,2.573373558e-5,1.048152963e-4,1.524496405e-5,1.232687796e0,1.207016935e-1,0.00016174871504296415,0.00012599252763065839,0,0,0,0,0,0,0,1020,510,0,75,75,0,0,75,0,510,510,510,2040,34,28,33,8935141660703064064
SAMPLE,HOLDOUT,H06,D16:M1:K15:N34:R1:C8:P15:PANEL32:EXACT8:LANE274:INDEX289,0,table,1.195694285714e-4
SAMPLE,HOLDOUT,H06,D16:M1:K15:N34:R1:C8:P15:PANEL32:EXACT8:LANE274:INDEX289,0,dense,9.171769696970e-5
SAMPLE,HOLDOUT,H06,D16:M1:K15:N34:R1:C8:P15:PANEL32:EXACT8:LANE274:INDEX289,1,table,1.113723214286e-4
SAMPLE,HOLDOUT,H06,D16:M1:K15:N34:R1:C8:P15:PANEL32:EXACT8:LANE274:INDEX289,1,dense,9.429918181818e-5
SAMPLE,HOLDOUT,H06,D16:M1:K15:N34:R1:C8:P15:PANEL32:EXACT8:LANE274:INDEX289,2,table,1.123988928571e-4
SAMPLE,HOLDOUT,H06,D16:M1:K15:N34:R1:C8:P15:PANEL32:EXACT8:LANE274:INDEX289,2,dense,9.164451515152e-5
SAMPLE,HOLDOUT,H06,D16:M1:K15:N34:R1:C8:P15:PANEL32:EXACT8:LANE274:INDEX289,3,table,1.112818214286e-4
SAMPLE,HOLDOUT,H06,D16:M1:K15:N34:R1:C8:P15:PANEL32:EXACT8:LANE274:INDEX289,3,dense,9.255866666667e-5
SAMPLE,HOLDOUT,H06,D16:M1:K15:N34:R1:C8:P15:PANEL32:EXACT8:LANE274:INDEX289,4,table,1.117101071429e-4
SAMPLE,HOLDOUT,H06,D16:M1:K15:N34:R1:C8:P15:PANEL32:EXACT8:LANE274:INDEX289,4,dense,9.270015151515e-5
SAMPLE,HOLDOUT,H06,D16:M1:K15:N34:R1:C8:P15:PANEL32:EXACT8:LANE274:INDEX289,5,table,1.111311785714e-4
SAMPLE,HOLDOUT,H06,D16:M1:K15:N34:R1:C8:P15:PANEL32:EXACT8:LANE274:INDEX289,5,dense,9.271748484848e-5
SAMPLE,HOLDOUT,H06,D16:M1:K15:N34:R1:C8:P15:PANEL32:EXACT8:LANE274:INDEX289,6,table,1.125456071429e-4
SAMPLE,HOLDOUT,H06,D16:M1:K15:N34:R1:C8:P15:PANEL32:EXACT8:LANE274:INDEX289,6,dense,1.188048787879e-4
SAMPLE,HOLDOUT,H06,D16:M1:K15:N34:R1:C8:P15:PANEL32:EXACT8:LANE274:INDEX289,7,table,1.870026785714e-4
SAMPLE,HOLDOUT,H06,D16:M1:K15:N34:R1:C8:P15:PANEL32:EXACT8:LANE274:INDEX289,7,dense,1.466122121212e-4
SAMPLE,HOLDOUT,H06,D16:M1:K15:N34:R1:C8:P15:PANEL32:EXACT8:LANE274:INDEX289,8,table,1.900573214286e-4
SAMPLE,HOLDOUT,H06,D16:M1:K15:N34:R1:C8:P15:PANEL32:EXACT8:LANE274:INDEX289,8,dense,1.222828787879e-4
HOLDOUT,H07,256,1,1024,16,table,1.118393711e-3,1.882428630e-4,5.143759556e-3,9.161701179e-4,2.186850144e-1,1.419323800e-2,0.0021805697551239857,0.0025824378257751027,16,0,256,33,1,16384,0,0,0,0,0,0,0,0,0,1,16383,16384,16383,32767,64,5,1,281474943156225
SAMPLE,HOLDOUT,H07,D256:M1:K1024:N16:R1:C16:P128:PANEL272:EXACT16:LANE32784:INDEX80,0,table,1.070269800000e-3
SAMPLE,HOLDOUT,H07,D256:M1:K1024:N16:R1:C16:P128:PANEL272:EXACT16:LANE32784:INDEX80,0,dense,4.730262000000e-3
SAMPLE,HOLDOUT,H07,D256:M1:K1024:N16:R1:C16:P128:PANEL272:EXACT16:LANE32784:INDEX80,1,table,1.143877200000e-3
SAMPLE,HOLDOUT,H07,D256:M1:K1024:N16:R1:C16:P128:PANEL272:EXACT16:LANE32784:INDEX80,1,dense,4.680940000000e-3
SAMPLE,HOLDOUT,H07,D256:M1:K1024:N16:R1:C16:P128:PANEL272:EXACT16:LANE32784:INDEX80,2,table,1.618197800000e-3
SAMPLE,HOLDOUT,H07,D256:M1:K1024:N16:R1:C16:P128:PANEL272:EXACT16:LANE32784:INDEX80,2,dense,7.599202000000e-3
SAMPLE,HOLDOUT,H07,D256:M1:K1024:N16:R1:C16:P128:PANEL272:EXACT16:LANE32784:INDEX80,3,table,1.109046400000e-3
SAMPLE,HOLDOUT,H07,D256:M1:K1024:N16:R1:C16:P128:PANEL272:EXACT16:LANE32784:INDEX80,3,dense,5.054667000000e-3
SAMPLE,HOLDOUT,H07,D256:M1:K1024:N16:R1:C16:P128:PANEL272:EXACT16:LANE32784:INDEX80,4,table,1.133211200000e-3
SAMPLE,HOLDOUT,H07,D256:M1:K1024:N16:R1:C16:P128:PANEL272:EXACT16:LANE32784:INDEX80,4,dense,5.422032000000e-3
SAMPLE,HOLDOUT,H07,D256:M1:K1024:N16:R1:C16:P128:PANEL272:EXACT16:LANE32784:INDEX80,5,table,1.182833800000e-3
SAMPLE,HOLDOUT,H07,D256:M1:K1024:N16:R1:C16:P128:PANEL272:EXACT16:LANE32784:INDEX80,5,dense,5.816077000000e-3
SAMPLE,HOLDOUT,H07,D256:M1:K1024:N16:R1:C16:P128:PANEL272:EXACT16:LANE32784:INDEX80,6,table,1.187975600000e-3
SAMPLE,HOLDOUT,H07,D256:M1:K1024:N16:R1:C16:P128:PANEL272:EXACT16:LANE32784:INDEX80,6,dense,4.933060000000e-3
SAMPLE,HOLDOUT,H07,D256:M1:K1024:N16:R1:C16:P128:PANEL272:EXACT16:LANE32784:INDEX80,7,table,9.275078000000e-4
SAMPLE,HOLDOUT,H07,D256:M1:K1024:N16:R1:C16:P128:PANEL272:EXACT16:LANE32784:INDEX80,7,dense,4.998962000000e-3
SAMPLE,HOLDOUT,H07,D256:M1:K1024:N16:R1:C16:P128:PANEL272:EXACT16:LANE32784:INDEX80,8,table,6.926238000000e-4
SAMPLE,HOLDOUT,H07,D256:M1:K1024:N16:R1:C16:P128:PANEL272:EXACT16:LANE32784:INDEX80,8,dense,3.058634000000e-3
HOLDOUT,H08,256,1,1024,1,dense,8.404518018e-5,2.121903957e-6,7.089442640e-6,1.641298143e-7,1.185626499e1,1.795236512e-1,0.0012681252059299492,0.00016140236411094392,1,0,16,3,1,1024,0,2048,1024,0,1024,0,1024,0,1024,0,1024,1024,0,2048,4,37,431,8935141660703064064
SAMPLE,HOLDOUT,H08,D256:M1:K1024:N1:R1:C1:P128:PANEL272:EXACT1:LANE32769:INDEX5,0,table,8.260027027027e-5
SAMPLE,HOLDOUT,H08,D256:M1:K1024:N1:R1:C1:P128:PANEL272:EXACT1:LANE32769:INDEX5,0,dense,6.966774941995e-6
SAMPLE,HOLDOUT,H08,D256:M1:K1024:N1:R1:C1:P128:PANEL272:EXACT1:LANE32769:INDEX5,1,table,8.284802702703e-5
SAMPLE,HOLDOUT,H08,D256:M1:K1024:N1:R1:C1:P128:PANEL272:EXACT1:LANE32769:INDEX5,1,dense,7.085860788863e-6
SAMPLE,HOLDOUT,H08,D256:M1:K1024:N1:R1:C1:P128:PANEL272:EXACT1:LANE32769:INDEX5,2,table,8.401586486486e-5
SAMPLE,HOLDOUT,H08,D256:M1:K1024:N1:R1:C1:P128:PANEL272:EXACT1:LANE32769:INDEX5,2,dense,6.972491879350e-6
SAMPLE,HOLDOUT,H08,D256:M1:K1024:N1:R1:C1:P128:PANEL272:EXACT1:LANE32769:INDEX5,3,table,8.297529729730e-5
SAMPLE,HOLDOUT,H08,D256:M1:K1024:N1:R1:C1:P128:PANEL272:EXACT1:LANE32769:INDEX5,3,dense,6.979350348028e-6
SAMPLE,HOLDOUT,H08,D256:M1:K1024:N1:R1:C1:P128:PANEL272:EXACT1:LANE32769:INDEX5,4,table,9.122581081081e-5
SAMPLE,HOLDOUT,H08,D256:M1:K1024:N1:R1:C1:P128:PANEL272:EXACT1:LANE32769:INDEX5,4,dense,7.576967517401e-6
SAMPLE,HOLDOUT,H08,D256:M1:K1024:N1:R1:C1:P128:PANEL272:EXACT1:LANE32769:INDEX5,5,table,8.433591891892e-5
SAMPLE,HOLDOUT,H08,D256:M1:K1024:N1:R1:C1:P128:PANEL272:EXACT1:LANE32769:INDEX5,5,dense,6.975955916473e-6
SAMPLE,HOLDOUT,H08,D256:M1:K1024:N1:R1:C1:P128:PANEL272:EXACT1:LANE32769:INDEX5,6,table,8.281527027027e-5
SAMPLE,HOLDOUT,H08,D256:M1:K1024:N1:R1:C1:P128:PANEL272:EXACT1:LANE32769:INDEX5,6,dense,6.976816705336e-6
SAMPLE,HOLDOUT,H08,D256:M1:K1024:N1:R1:C1:P128:PANEL272:EXACT1:LANE32769:INDEX5,7,table,8.271751351351e-5
SAMPLE,HOLDOUT,H08,D256:M1:K1024:N1:R1:C1:P128:PANEL272:EXACT1:LANE32769:INDEX5,7,dense,7.303341067285e-6
SAMPLE,HOLDOUT,H08,D256:M1:K1024:N1:R1:C1:P128:PANEL272:EXACT1:LANE32769:INDEX5,8,table,8.287264864865e-5
SAMPLE,HOLDOUT,H08,D256:M1:K1024:N1:R1:C1:P128:PANEL272:EXACT1:LANE32769:INDEX5,8,dense,6.967424593968e-6
HOLDOUT,H09,3,33,31,65,table,2.736314611e-3,4.961355296e-4,1.838086600e-2,9.244711258e-4,1.481433235e-1,2.331488257e-2,0.0012408544748628125,0.013367338963188103,4,61,1040,2015,0,2790,0,2790,0,930,0,0,0,280,0,30,29667,30690,29667,63147,195,2,1,4611685468671590400
SAMPLE,HOLDOUT,H09,D3:M33:K31:N65:R16:C7:P31:PANEL1042:EXACT112:LANE3024:INDEX577,0,table,3.431033500000e-3
SAMPLE,HOLDOUT,H09,D3:M33:K31:N65:R16:C7:P31:PANEL1042:EXACT112:LANE3024:INDEX577,0,dense,1.858599300000e-2
SAMPLE,HOLDOUT,H09,D3:M33:K31:N65:R16:C7:P31:PANEL1042:EXACT112:LANE3024:INDEX577,1,table,3.363021500000e-3
SAMPLE,HOLDOUT,H09,D3:M33:K31:N65:R16:C7:P31:PANEL1042:EXACT112:LANE3024:INDEX577,1,dense,1.870431900000e-2
SAMPLE,HOLDOUT,H09,D3:M33:K31:N65:R16:C7:P31:PANEL1042:EXACT112:LANE3024:INDEX577,2,table,3.515381000000e-3
SAMPLE,HOLDOUT,H09,D3:M33:K31:N65:R16:C7:P31:PANEL1042:EXACT112:LANE3024:INDEX577,2,dense,1.870140700000e-2
SAMPLE,HOLDOUT,H09,D3:M33:K31:N65:R16:C7:P31:PANEL1042:EXACT112:LANE3024:INDEX577,3,table,2.094340500000e-3
SAMPLE,HOLDOUT,H09,D3:M33:K31:N65:R16:C7:P31:PANEL1042:EXACT112:LANE3024:INDEX577,3,dense,1.755715300000e-2
SAMPLE,HOLDOUT,H09,D3:M33:K31:N65:R16:C7:P31:PANEL1042:EXACT112:LANE3024:INDEX577,4,table,2.086120500000e-3
SAMPLE,HOLDOUT,H09,D3:M33:K31:N65:R16:C7:P31:PANEL1042:EXACT112:LANE3024:INDEX577,4,dense,1.769422900000e-2
SAMPLE,HOLDOUT,H09,D3:M33:K31:N65:R16:C7:P31:PANEL1042:EXACT112:LANE3024:INDEX577,5,table,2.710905500000e-3
SAMPLE,HOLDOUT,H09,D3:M33:K31:N65:R16:C7:P31:PANEL1042:EXACT112:LANE3024:INDEX577,5,dense,1.758722900000e-2
SAMPLE,HOLDOUT,H09,D3:M33:K31:N65:R16:C7:P31:PANEL1042:EXACT112:LANE3024:INDEX577,6,table,3.210457500000e-3
SAMPLE,HOLDOUT,H09,D3:M33:K31:N65:R16:C7:P31:PANEL1042:EXACT112:LANE3024:INDEX577,6,dense,2.129300400000e-2
SAMPLE,HOLDOUT,H09,D3:M33:K31:N65:R16:C7:P31:PANEL1042:EXACT112:LANE3024:INDEX577,7,table,2.102731500000e-3
SAMPLE,HOLDOUT,H09,D3:M33:K31:N65:R16:C7:P31:PANEL1042:EXACT112:LANE3024:INDEX577,7,dense,1.764506700000e-2
SAMPLE,HOLDOUT,H09,D3:M33:K31:N65:R16:C7:P31:PANEL1042:EXACT112:LANE3024:INDEX577,8,table,2.112840000000e-3
SAMPLE,HOLDOUT,H09,D3:M33:K31:N65:R16:C7:P31:PANEL1042:EXACT112:LANE3024:INDEX577,8,dense,1.765939300000e-2
HOLDOUT,H10,5,15,22,7,table,7.397317494e-5,1.320172197e-5,5.148721111e-4,9.711562301e-5,1.441704104e-1,5.728821087e-3,0.00020483358728615815,0.0006405717181927563,0,0,0,0,0,0,0,0,0,0,0,0,0,0,0,4,1650,2310,1650,3960,210,47,7,281474943156225
SAMPLE,HOLDOUT,H10,D5:M15:K22:N7:R8:C7:P22:PANEL21:EXACT56:LANE1464:INDEX0,0,table,6.453161702128e-5
SAMPLE,HOLDOUT,H10,D5:M15:K22:N7:R8:C7:P22:PANEL21:EXACT56:LANE1464:INDEX0,0,dense,4.464597142857e-4
SAMPLE,HOLDOUT,H10,D5:M15:K22:N7:R8:C7:P22:PANEL21:EXACT56:LANE1464:INDEX0,1,table,6.492191489362e-5
SAMPLE,HOLDOUT,H10,D5:M15:K22:N7:R8:C7:P22:PANEL21:EXACT56:LANE1464:INDEX0,1,dense,4.526384285714e-4
SAMPLE,HOLDOUT,H10,D5:M15:K22:N7:R8:C7:P22:PANEL21:EXACT56:LANE1464:INDEX0,2,table,6.423723404255e-5
SAMPLE,HOLDOUT,H10,D5:M15:K22:N7:R8:C7:P22:PANEL21:EXACT56:LANE1464:INDEX0,2,dense,4.528215714286e-4
SAMPLE,HOLDOUT,H10,D5:M15:K22:N7:R8:C7:P22:PANEL21:EXACT56:LANE1464:INDEX0,3,table,7.104014893617e-5
SAMPLE,HOLDOUT,H10,D5:M15:K22:N7:R8:C7:P22:PANEL21:EXACT56:LANE1464:INDEX0,3,dense,4.521804285714e-4
SAMPLE,HOLDOUT,H10,D5:M15:K22:N7:R8:C7:P22:PANEL21:EXACT56:LANE1464:INDEX0,4,table,1.092714468085e-4
SAMPLE,HOLDOUT,H10,D5:M15:K22:N7:R8:C7:P22:PANEL21:EXACT56:LANE1464:INDEX0,4,dense,7.214354285714e-4
SAMPLE,HOLDOUT,H10,D5:M15:K22:N7:R8:C7:P22:PANEL21:EXACT56:LANE1464:INDEX0,5,table,9.795970212766e-5
SAMPLE,HOLDOUT,H10,D5:M15:K22:N7:R8:C7:P22:PANEL21:EXACT56:LANE1464:INDEX0,5,dense,7.529371428571e-4
SAMPLE,HOLDOUT,H10,D5:M15:K22:N7:R8:C7:P22:PANEL21:EXACT56:LANE1464:INDEX0,6,table,6.507646808511e-5
SAMPLE,HOLDOUT,H10,D5:M15:K22:N7:R8:C7:P22:PANEL21:EXACT56:LANE1464:INDEX0,6,dense,4.481115714286e-4
SAMPLE,HOLDOUT,H10,D5:M15:K22:N7:R8:C7:P22:PANEL21:EXACT56:LANE1464:INDEX0,7,table,6.448834042553e-5
SAMPLE,HOLDOUT,H10,D5:M15:K22:N7:R8:C7:P22:PANEL21:EXACT56:LANE1464:INDEX0,7,dense,4.479252857143e-4
SAMPLE,HOLDOUT,H10,D5:M15:K22:N7:R8:C7:P22:PANEL21:EXACT56:LANE1464:INDEX0,8,table,6.423170212766e-5
SAMPLE,HOLDOUT,H10,D5:M15:K22:N7:R8:C7:P22:PANEL21:EXACT56:LANE1464:INDEX0,8,dense,4.593394285714e-4
HOLDOUT,H11,16,18,257,5,table,1.129195611e-3,2.344835034e-4,1.276050481e-3,1.752229201e-4,8.769358320e-1,8.464525717e-2,0.0019090468083431892,0.004613655221315895,5,0,80,1285,0,2570,0,5140,2570,0,1542,75,1467,0,1542,0,23130,23130,2886,46582,810,4,3,8935141660703064064
SAMPLE,HOLDOUT,H11,D16:M18:K257:N5:R16:C2:P128:PANEL32:EXACT32:LANE32848:INDEX37,0,table,9.726640000000e-4
SAMPLE,HOLDOUT,H11,D16:M18:K257:N5:R16:C2:P128:PANEL32:EXACT32:LANE32848:INDEX37,0,dense,1.157268333333e-3
SAMPLE,HOLDOUT,H11,D16:M18:K257:N5:R16:C2:P128:PANEL32:EXACT32:LANE32848:INDEX37,1,table,1.002660000000e-3
SAMPLE,HOLDOUT,H11,D16:M18:K257:N5:R16:C2:P128:PANEL32:EXACT32:LANE32848:INDEX37,1,dense,1.164104333333e-3
SAMPLE,HOLDOUT,H11,D16:M18:K257:N5:R16:C2:P128:PANEL32:EXACT32:LANE32848:INDEX37,2,table,9.703070000000e-4
SAMPLE,HOLDOUT,H11,D16:M18:K257:N5:R16:C2:P128:PANEL32:EXACT32:LANE32848:INDEX37,2,dense,1.232742333333e-3
SAMPLE,HOLDOUT,H11,D16:M18:K257:N5:R16:C2:P128:PANEL32:EXACT32:LANE32848:INDEX37,3,table,9.743472500000e-4
SAMPLE,HOLDOUT,H11,D16:M18:K257:N5:R16:C2:P128:PANEL32:EXACT32:LANE32848:INDEX37,3,dense,1.158056333333e-3
SAMPLE,HOLDOUT,H11,D16:M18:K257:N5:R16:C2:P128:PANEL32:EXACT32:LANE32848:INDEX37,4,table,9.712787500000e-4
SAMPLE,HOLDOUT,H11,D16:M18:K257:N5:R16:C2:P128:PANEL32:EXACT32:LANE32848:INDEX37,4,dense,1.162391000000e-3
SAMPLE,HOLDOUT,H11,D16:M18:K257:N5:R16:C2:P128:PANEL32:EXACT32:LANE32848:INDEX37,5,table,9.711010000000e-4
SAMPLE,HOLDOUT,H11,D16:M18:K257:N5:R16:C2:P128:PANEL32:EXACT32:LANE32848:INDEX37,5,dense,1.157575333333e-3
SAMPLE,HOLDOUT,H11,D16:M18:K257:N5:R16:C2:P128:PANEL32:EXACT32:LANE32848:INDEX37,6,table,9.698762500000e-4
SAMPLE,HOLDOUT,H11,D16:M18:K257:N5:R16:C2:P128:PANEL32:EXACT32:LANE32848:INDEX37,6,dense,1.159796333333e-3
SAMPLE,HOLDOUT,H11,D16:M18:K257:N5:R16:C2:P128:PANEL32:EXACT32:LANE32848:INDEX37,7,table,1.616970750000e-3
SAMPLE,HOLDOUT,H11,D16:M18:K257:N5:R16:C2:P128:PANEL32:EXACT32:LANE32848:INDEX37,7,dense,1.817569666667e-3
SAMPLE,HOLDOUT,H11,D16:M18:K257:N5:R16:C2:P128:PANEL32:EXACT32:LANE32848:INDEX37,8,table,1.713555500000e-3
SAMPLE,HOLDOUT,H11,D16:M18:K257:N5:R16:C2:P128:PANEL32:EXACT32:LANE32848:INDEX37,8,dense,1.474950666667e-3
HOLDOUT,H12,256,9,273,129,table,2.654967578e-2,5.216957941e-3,7.541731200e-2,5.709318411e-3,3.556704876e-1,7.356097242e-2,0.008321148090105203,0.05226344761134961,129,0,2064,35217,0,70434,0,70434,0,2730,0,0,0,774,0,10,315846,316953,315846,703233,2322,1,1,4611685468671590400
SAMPLE,HOLDOUT,H12,D256:M9:K273:N129:R8:C32:P16:PANEL272:EXACT256:LANE33800:INDEX1153,0,table,2.151485400000e-2
SAMPLE,HOLDOUT,H12,D256:M9:K273:N129:R8:C32:P16:PANEL272:EXACT256:LANE33800:INDEX1153,0,dense,8.146812300000e-2
SAMPLE,HOLDOUT,H12,D256:M9:K273:N129:R8:C32:P16:PANEL272:EXACT256:LANE33800:INDEX1153,1,table,2.596215800000e-2
SAMPLE,HOLDOUT,H12,D256:M9:K273:N129:R8:C32:P16:PANEL272:EXACT256:LANE33800:INDEX1153,1,dense,7.757465300000e-2
SAMPLE,HOLDOUT,H12,D256:M9:K273:N129:R8:C32:P16:PANEL272:EXACT256:LANE33800:INDEX1153,2,table,2.155968800000e-2
SAMPLE,HOLDOUT,H12,D256:M9:K273:N129:R8:C32:P16:PANEL272:EXACT256:LANE33800:INDEX1153,2,dense,7.354103100000e-2
SAMPLE,HOLDOUT,H12,D256:M9:K273:N129:R8:C32:P16:PANEL272:EXACT256:LANE33800:INDEX1153,3,table,2.893922100000e-2
SAMPLE,HOLDOUT,H12,D256:M9:K273:N129:R8:C32:P16:PANEL272:EXACT256:LANE33800:INDEX1153,3,dense,7.080882500000e-2
SAMPLE,HOLDOUT,H12,D256:M9:K273:N129:R8:C32:P16:PANEL272:EXACT256:LANE33800:INDEX1153,4,table,2.204087500000e-2
SAMPLE,HOLDOUT,H12,D256:M9:K273:N129:R8:C32:P16:PANEL272:EXACT256:LANE33800:INDEX1153,4,dense,7.205816400000e-2
SAMPLE,HOLDOUT,H12,D256:M9:K273:N129:R8:C32:P16:PANEL272:EXACT256:LANE33800:INDEX1153,5,table,3.090588900000e-2
SAMPLE,HOLDOUT,H12,D256:M9:K273:N129:R8:C32:P16:PANEL272:EXACT256:LANE33800:INDEX1153,5,dense,6.411909900000e-2
SAMPLE,HOLDOUT,H12,D256:M9:K273:N129:R8:C32:P16:PANEL272:EXACT256:LANE33800:INDEX1153,6,table,4.213964500000e-2
SAMPLE,HOLDOUT,H12,D256:M9:K273:N129:R8:C32:P16:PANEL272:EXACT256:LANE33800:INDEX1153,6,dense,8.116918000000e-2
SAMPLE,HOLDOUT,H12,D256:M9:K273:N129:R8:C32:P16:PANEL272:EXACT256:LANE33800:INDEX1153,7,table,2.432536500000e-2
SAMPLE,HOLDOUT,H12,D256:M9:K273:N129:R8:C32:P16:PANEL272:EXACT256:LANE33800:INDEX1153,7,dense,6.958727700000e-2
SAMPLE,HOLDOUT,H12,D256:M9:K273:N129:R8:C32:P16:PANEL272:EXACT256:LANE33800:INDEX1153,8,table,2.155938700000e-2
SAMPLE,HOLDOUT,H12,D256:M9:K273:N129:R8:C32:P16:PANEL272:EXACT256:LANE33800:INDEX1153,8,dense,8.842945600000e-2
HOLDOUT_ROUTE_COUNTS,table=9,dense=3
SAMPLE,CONTROL,H13-B3-D3,B3:D3:M17:BLOCKS11:N7,0,table,6.529978000000e-4
SAMPLE,CONTROL,H13-B3-D3,B3:D3:M17:BLOCKS11:N7,0,dense,7.444704000000e-4
SAMPLE,CONTROL,H13-B3-D3,B3:D3:M17:BLOCKS11:N7,1,table,6.803828000000e-4
SAMPLE,CONTROL,H13-B3-D3,B3:D3:M17:BLOCKS11:N7,1,dense,7.640068000000e-4
SAMPLE,CONTROL,H13-B3-D3,B3:D3:M17:BLOCKS11:N7,2,table,6.721054000000e-4
SAMPLE,CONTROL,H13-B3-D3,B3:D3:M17:BLOCKS11:N7,2,dense,7.710340000000e-4
SAMPLE,CONTROL,H13-B3-D3,B3:D3:M17:BLOCKS11:N7,3,table,4.492698000000e-4
SAMPLE,CONTROL,H13-B3-D3,B3:D3:M17:BLOCKS11:N7,3,dense,7.694670000000e-4
SAMPLE,CONTROL,H13-B3-D3,B3:D3:M17:BLOCKS11:N7,4,table,3.917606000000e-4
SAMPLE,CONTROL,H13-B3-D3,B3:D3:M17:BLOCKS11:N7,4,dense,4.418078000000e-4
SAMPLE,CONTROL,H13-B3-D3,B3:D3:M17:BLOCKS11:N7,5,table,3.911034000000e-4
SAMPLE,CONTROL,H13-B3-D3,B3:D3:M17:BLOCKS11:N7,5,dense,4.428078000000e-4
SAMPLE,CONTROL,H13-B3-D3,B3:D3:M17:BLOCKS11:N7,6,table,3.913298000000e-4
SAMPLE,CONTROL,H13-B3-D3,B3:D3:M17:BLOCKS11:N7,6,dense,4.494922000000e-4
SAMPLE,CONTROL,H13-B3-D3,B3:D3:M17:BLOCKS11:N7,7,table,3.915642000000e-4
SAMPLE,CONTROL,H13-B3-D3,B3:D3:M17:BLOCKS11:N7,7,dense,4.486466000000e-4
SAMPLE,CONTROL,H13-B3-D3,B3:D3:M17:BLOCKS11:N7,8,table,3.911134000000e-4
SAMPLE,CONTROL,H13-B3-D3,B3:D3:M17:BLOCKS11:N7,8,dense,5.329878000000e-4
CONTROL,H13-B3-D3,3,3,798,462,22,66,57,0,2,1683,3927,4.901808000e-4,5.960800444e-4,8.300425404e-1,8.015262699e-2
SAMPLE,CONTROL,H14-B5-D5,B5:D5:M9:BLOCKS7:N11,0,table,4.641181250000e-4
SAMPLE,CONTROL,H14-B5-D5,B5:D5:M9:BLOCKS7:N11,0,dense,6.553242000000e-4
SAMPLE,CONTROL,H14-B5-D5,B5:D5:M9:BLOCKS7:N11,1,table,4.958183750000e-4
SAMPLE,CONTROL,H14-B5-D5,B5:D5:M9:BLOCKS7:N11,1,dense,6.155618000000e-4
SAMPLE,CONTROL,H14-B5-D5,B5:D5:M9:BLOCKS7:N11,2,table,5.776786250000e-4
SAMPLE,CONTROL,H14-B5-D5,B5:D5:M9:BLOCKS7:N11,2,dense,6.278570000000e-4
SAMPLE,CONTROL,H14-B5-D5,B5:D5:M9:BLOCKS7:N11,3,table,4.026383750000e-4
SAMPLE,CONTROL,H14-B5-D5,B5:D5:M9:BLOCKS7:N11,3,dense,6.168384000000e-4
SAMPLE,CONTROL,H14-B5-D5,B5:D5:M9:BLOCKS7:N11,4,table,3.209911250000e-4
SAMPLE,CONTROL,H14-B5-D5,B5:D5:M9:BLOCKS7:N11,4,dense,4.116236000000e-4
SAMPLE,CONTROL,H14-B5-D5,B5:D5:M9:BLOCKS7:N11,5,table,3.219216250000e-4
SAMPLE,CONTROL,H14-B5-D5,B5:D5:M9:BLOCKS7:N11,5,dense,4.098724000000e-4
SAMPLE,CONTROL,H14-B5-D5,B5:D5:M9:BLOCKS7:N11,6,table,3.215483750000e-4
SAMPLE,CONTROL,H14-B5-D5,B5:D5:M9:BLOCKS7:N11,6,dense,4.131886000000e-4
SAMPLE,CONTROL,H14-B5-D5,B5:D5:M9:BLOCKS7:N11,7,table,3.250537500000e-4
SAMPLE,CONTROL,H14-B5-D5,B5:D5:M9:BLOCKS7:N11,7,dense,4.109124000000e-4
SAMPLE,CONTROL,H14-B5-D5,B5:D5:M9:BLOCKS7:N11,8,table,3.217926250000e-4
SAMPLE,CONTROL,H14-B5-D5,B5:D5:M9:BLOCKS7:N11,8,dense,4.100406000000e-4
CONTROL,H14-B5-D5,5,5,1232,770,14,70,54,0,2,1575,3465,3.946178889e-4,5.079132222e-4,7.784232532e-1,5.554370558e-2
ok

test result: ok. 1 passed; 0 failed; 0 ignored; 0 measured; 2 filtered out; finished in 5.14s

SOURCE_MANIFEST_AFTER_BEGIN
ecc3c605f188856daae87aae5e9ca5536ce621970ec4c737febc6e7628dbc7f2  .cargo/config.toml
287d7784819bfdaf257aa5435fc92889ee6504228819f2b03e45e2a73aa67bc3  Cargo.lock
12c023ab4b58599fa168cbf5169f38685bda5de6b28c2a7c7cb4ebdc9eb4ce94  Cargo.toml
8b88c4460ed6c197d452b45557c9cb99099b686d8c54ed54db01505d8d4d733f  Justfile
a3748a09707fb97878197c196bc35fca599c91ef328a510432ffb46f5b72be76  crates/uor-matmul-codec/Cargo.toml
d366f8068fad13584272b256da2e7122cdc8cb6b64bce0c7bf72655073e4cf41  crates/uor-matmul-codec/src/codecs.rs
aab308efe9d95cffdeab99c8f4f3151089086b2d876498428f016f33561ef079  crates/uor-matmul-codec/src/e8.rs
ca608c9af4b112f530e4314455fcbafe6de9945d345c57eb93b996be9cad5370  crates/uor-matmul-codec/src/kappa.rs
eb9ec583db787689b0f3a0668d88ee768bd9fe6089ac145128ca578cb4ba7baf  crates/uor-matmul-codec/src/lib.rs
256f8873ba3fa8e3b694e9d5ab2ffc69bfbc04a551f114e7a4096a9e3f7b8251  crates/uor-matmul-codec/src/matrix.rs
a4dda3938a8914dcc019631deb4e2feebd9f780af6198997751ce3d775cf76cb  crates/uor-matmul-codec/src/tier.rs
b0354214bff95fc9557aa3d0b3fa269bf65639278d99a081b8251a7de7450b75  crates/uor-matmul-codec/tests/codec.rs
83c35d161c093bf3aeb4de5a71a13f1ac9a717ec52e07323b8a68f94169005b1  crates/uor-matmul-conformance/Cargo.toml
9a81a5a52e51b4bd6f5e203857bc4aad628f67065b9700cdfdbfb0a3daab0a90  crates/uor-matmul-conformance/src/harvest.rs
a3ca9272452c5ae1841b15e1e124c47cb93c6690e227ec408852e4d810d7e15e  crates/uor-matmul-conformance/src/lib.rs
878c72fe37b7e5f8d3480b741a7712d91e96bcee5a0c6f25a85f2a4f3ca1cd82  crates/uor-matmul-conformance/src/meta.rs
5c069814f323dd6881e2b32fd27cde0e05f842189a7559ef9b999fb258e83930  crates/uor-matmul-conformance/src/runner.rs
dcd43e34daf417bfefff4dfb25b1ecb5baecff441c0d802022893dfaa3b776e9  crates/uor-matmul-conformance/tests/bdd.rs
b9dd1275944b6706018f0ab423aaefd3d4b4714d78543c166ee27345a1882785  crates/uor-matmul-conformance/tests/cortex_m.rs
ef3a1c3d5cd8b1c5eca9fabd00fd363bcf037a0ec8f05c1624573198d484f292  crates/uor-matmul-conformance/tests/environment.rs
03bb9bd7397ab1d0ac37eeba86e9f3d22c16b579f8e94053254d3ca23aa825a2  crates/uor-matmul-conformance/tests/issue_census.rs
f002ae0b85104d8bc5fd4380da64f18b97cd9477088053869c336f5f88defeef  crates/uor-matmul-conformance/tests/public_float_api.rs
c47a02c29de56162af449046104866bbba6a4527759507cc48703e405622f0ea  crates/uor-matmul-conformance/tests/uor_float_foundation.rs
2c300eed4eb37979f66ce5930c020f826d8c293b8bbaab76e5f3a2eb744d211e  crates/uor-matmul-core/Cargo.toml
816248b24565d5b4a9dfa4f757bf88d53178d5a3073c224ba79860b99481b6e3  crates/uor-matmul-core/src/acc.rs
0b11d9e44a0f72fc7a5b37efc90df4134de7c74e1a5f727e96ff04c54a5d30c3  crates/uor-matmul-core/src/alphabet.rs
4078cf6ef3bd63260bb0d27902f565197073c38afdcbeb57952ce2dff2d8bfee  crates/uor-matmul-core/src/bounds.rs
7997af0edd72c99062b2485a5f9bd9e20be96dbae90115d544eebb91836721be  crates/uor-matmul-core/src/dot.rs
394d331f06bee3a1f29a9eb3ff129ecc0c2ff3ada4ac91262dd63e79bd4aa3a5  crates/uor-matmul-core/src/error.rs
0b5588f626e79848087645ae2f8a242845482a2c9aef8eb8586bbabc6ee005a9  crates/uor-matmul-core/src/float_atlas.rs
ee7e2b77a38222c32d1c6a9e330f4b28ecb925daa07d774a875842796c3c94cf  crates/uor-matmul-core/src/gauge.rs
a79ff11df5c9da8edfa6e8743cb0a17296459ef779e2bca75ad09363360935c0  crates/uor-matmul-core/src/generated.rs
bda5537d0834e752e743eeec1041bef69685921d0b0bdcd53a711f0dda7044a5  crates/uor-matmul-core/src/layout.rs
632aed2a42d205d4804c82ea3cfdce6e0cf7061b0bfb67d7df793b12deb78d8b  crates/uor-matmul-core/src/lib.rs
d018e7e1e35a70c883819c2110588bebf8fc50bc7f0983a95ee8941848f29096  crates/uor-matmul-core/src/policy.rs
073c870684cd9eb0b77492569bd24dc58b198fa4a23ed87f995e359ffc4d2f11  crates/uor-matmul-core/src/semiring.rs
6e05ca8d6ddb4f6e57e3122951760e85bedeab3b80eb32fe23abb944264575d8  crates/uor-matmul-core/src/tropical.rs
e4e164b385008754ce27a47854cf97d14b0efb6524f6c229a2505a818f243305  crates/uor-matmul-executor/Cargo.toml
7210c31a32aee66e478402df8d2dea577028986e3861879757ba8bed917f0b90  crates/uor-matmul-executor/build.rs
1db37395a3080c78d953d44ba62759fd09c254685041afed489f005d02e70e11  crates/uor-matmul-executor/src/main.rs
405d1e30217146f7c1fe5c62471fa6d8301412135a86763f1a2dc103f9501f62  crates/uor-matmul-gemm/Cargo.toml
af05a9c847b5729d9d6ed8305775f2fc6c916728331e051ced991944466d7330  crates/uor-matmul-gemm/src/coded.rs
c22852d855fd89094c0bea718575d3aa948ae77d8fc0a75f9972403a99c74035  crates/uor-matmul-gemm/src/collapse.rs
7e500c864e25a4c4ed732e1b9b2e017bbab89203e61c8f65eb928c2ced848718  crates/uor-matmul-gemm/src/driver.rs
5ba45a0eee9a4a9976e8e881abc8269effbfd50a8f62dfdf3eb794996875f314  crates/uor-matmul-gemm/src/epilogue.rs
867a6954f19a73b6a209ade7f8ce67ab48de9de760eb1b40c440edb7bc0a1724  crates/uor-matmul-gemm/src/float.rs
4a758e5d18b27bae51201999966040704ac214d4e5e832d5991d47aeaf49c36d  crates/uor-matmul-gemm/src/generated_atlas_dispatch.rs
0ec0bb16acc9db1a962609b0f0914c756a78cf8e777abef66534dc4a107d7b03  crates/uor-matmul-gemm/src/kernel.rs
127ab847939542253d03984452a2dda061d9055bbc9cdac7206a6025aee18669  crates/uor-matmul-gemm/src/lib.rs
f9b1be42fb06500aaa6d75cc7ed43859ee2be19289ccc680448f9c4790418568  crates/uor-matmul-gemm/src/partition.rs
0fb61e420dc5c461b6e453f80cc3e70c41ef00a665deeb39ec44fb0aaacb1488  crates/uor-matmul-gemm/src/scratch.rs
7bc222c62aa334728019269bdd9686ab9a70305e8d9bb4ee68d75623224bf27e  crates/uor-matmul-gemm/src/selection.rs
c58820cc020ca60e4c26c52e2d0c0267a674cc04f0e45d176aa8581f54d70757  crates/uor-matmul-gemm/src/strassen.rs
ba0c87262cb1f0a45cbb6fdf9ad8955f10264b3c05b99ab26f10e1cd4235ae67  crates/uor-matmul-gemm/src/tabulated.rs
2047339a519b525f7046cc413e777739cfd6a5dd4509c0795c36ddf48a973cf7  crates/uor-matmul-kernels/Cargo.toml
9d30dd557d21ff786eaa81c74de2194fdc278a252ddeb28c01c1db6974d51071  crates/uor-matmul-kernels/src/generated_capacity.rs
a742d42f37ec2d5b33bcd1e8f115bacdb10b9842b185daba3f28561a26fa1253  crates/uor-matmul-kernels/src/isa/absent_arm.rs
7453602845693593bdb9db630ceb72e577ec406bb400b61068ef860dd7c323d7  crates/uor-matmul-kernels/src/isa/absent_wasm.rs
3f312c5f846c48142ffa2f80e3024ce684a9d7fc5998f3597d3056efe6113496  crates/uor-matmul-kernels/src/isa/absent_x86.rs
9d7d6cc528d76a14ca45e695e83536966df338f9d524c92e284745b9efe44804  crates/uor-matmul-kernels/src/isa/arm.rs
e9d83a795cbda8d4c8a64817e91ff8bca47d1d9d48073c940e56ca354a1574d8  crates/uor-matmul-kernels/src/isa/mod.rs
1c8db4845c8172480744f7d14d640ae89c248bd1c238829f015d09d245f23efb  crates/uor-matmul-kernels/src/isa/portable.rs
289bc91c791c35cb76c4728b7a4165162931e186b1a28bdc624219e1972a8cae  crates/uor-matmul-kernels/src/isa/wasm.rs
5a55309cff22b3a100fff564bbd9d109f1f75b51abcca079053198aeeacb6ab9  crates/uor-matmul-kernels/src/isa/x86.rs
60d903dc770e46a2a738c476c86e4959b12bc31fbb38f1e45248613de2dae8c4  crates/uor-matmul-kernels/src/lib.rs
982d1216b9ba03b90ca5b50fc0b8877ecf0368a8a956887cc807fbdcb1d83407  crates/uor-matmul-kernels/src/lookup.rs
0335fb1cee003daf0f26824a85dedcb98ed91a016e800b186fff77cc1acdbe53  crates/uor-matmul-kernels/src/parity.rs
f277142e0c781ccc1516c83be0a7a47962b6c9b3276b4e7e77b3ecee16cae0de  crates/uor-matmul-kernels/src/spec.rs
ac7530987f5c569a4e3f99e82fb53a26c736aa4cfee811b899974b25ea3f1475  crates/uor-matmul-kernels/src/table.rs
9a2468a5ce75c4071238822d45fa5d67f59395c5ded393940c863318a35ba73b  crates/uor-matmul-kernels/src/tropical.rs
d58463131fb3faf96cd5f26ec13eb35191e21959a0caf447456a28e458ee0cf7  crates/uor-matmul-kernels/tests/native_nibble_lookup.rs
4ad824ffedf7f54a0b6b786ff037643aa1bde7ddff5492b00a8746c5c3a8ca86  crates/uor-matmul-kernels/tests/parity.rs
4c3be35867f6bd4b660004e1b3cef572b31aea547af855c4b9fa5c73ec75e392  crates/uor-matmul-kernels/tests/swar_sweep.rs
9c9904424dbe3c59ec0e98f5b1ecd91eb43d3228981ddfa9ff77f4966ff8ccaf  crates/uor-matmul-model/Cargo.toml
2f2d6ca1543a8ef2ae849d6b0cb2e9c50d1cb4096bec112705002115a991a1e8  crates/uor-matmul-model/src/codegen.rs
a75b8699d2581cb26b0fbf697e1b3a354c3f572706fa30496d1be68ee41805b8  crates/uor-matmul-model/src/derive.rs
afec40532e39899273a6644fb92c3a90ce81c48730c1684a0404194e78134416  crates/uor-matmul-model/src/lib.rs
111ee03e4a500a21e5e580d678bc5766e6834dab67d22904c6cf117f875a8d45  crates/uor-matmul-model/src/registry.rs
cd0fae521eda5a176c687fa84b5d99e4cbbe3e04a7aa1fdaa2ef0fb01a72e430  crates/uor-matmul-validate/Cargo.toml
f625fe12f2bd0f40c01170a7d6ae07b1c2d61d149c8962804d94811f7036e442  crates/uor-matmul-validate/benches/scaling.rs
60a396ab08b577a5cdccdd54bed8fbb61c7149f779ba94f166cc89f973f3d262  crates/uor-matmul-validate/benches/scaling/native_lookup.rs
b3bf139a4c123c99fb135de96d0bfa2f026c459b2820071e8e2179d4be6ba3ce  crates/uor-matmul-validate/examples/collapse_sweep.rs
1f0dc699534f2668f7f9600bef9d5ee24dd4299a7d90dbc636fb8a520e049dba  crates/uor-matmul-validate/examples/float_tabulation.rs
4b8e35cd32ab09c81d0d8fac2da08271566d92b34c2fc26f557b186a8c02afa5  crates/uor-matmul-validate/examples/oracle_sweep.rs
373b51178e7b746ec7cc448ae52399bfd69623f51395ba42222e8e8336374165  crates/uor-matmul-validate/examples/tabulation_breakeven.rs
8060c7d003ba8ee5d9302cba5a08c97d00ba2644d686d4edb3768742d7f96f0c  crates/uor-matmul-validate/examples/tabulation_sweep.rs
647ee6fb1b8251caf802c76edbae3c852cb4aa8cd7a4c99e42d82b35d793bd9c  crates/uor-matmul-validate/src/bin/benchmark_report.rs
6787a8fad80c31940421b9b548a1eb8d15c47ae3af3d30b1fba4072a8411f3a3  crates/uor-matmul-validate/src/coissue.rs
e0003e7116129aa74e25be4a5a7e110559176e81f169ce8b6a011ddb4ef48134  crates/uor-matmul-validate/src/corpus.rs
52ecf3fcbd8cefc44ecf7f32120e6f5f1ecc7914b50f1b9ec494e4e3b224317f  crates/uor-matmul-validate/src/counting.rs
4ac6d9bc06e43c5d206de79360f5e6005fa2b425c6b0ab080a5550460f6d4f24  crates/uor-matmul-validate/src/float_corpus.rs
842f12c581f27a2c3fd147c981f00cb47b9ffb45e806e062c1e4314c5d1e424a  crates/uor-matmul-validate/src/float_tab.rs
fded5ad9274c30496b641a30531ed71aa7f915d15e8f8df13265973b2da56111  crates/uor-matmul-validate/src/lib.rs
5cef60c58a8280f297cb4ff330ff57594f9ec77826207ba6e18d5b8c035e1260  crates/uor-matmul-validate/src/oracle.rs
d28272b499ee13ec6442174e08f9a90bcafbfe8fd2fb0b2862c2a877f701086c  crates/uor-matmul-validate/src/scaling.rs
a60aa96f016efb45964cd8d4bd08c98cca7ee828c19401d9ed397b00e4e9f902  crates/uor-matmul-validate/tests/block_sweep.rs
268b1e8a20ca7415c0bebd5505c53bc28a447eaefc1baf06dfe6179d387d718c  crates/uor-matmul-validate/tests/bridge_sweep.rs
8a5919d128702cb9adb1731730dafa3d6f498ffed33b1bec75c268013631ae87  crates/uor-matmul-validate/tests/common/mod.rs
85f9d5216161d5e4b419ab04c68b2dd6bae2aa8b61f23c7034c5740b4e3ea43a  crates/uor-matmul-validate/tests/cross_library.rs
87ec9b791a8792a0911a511b25f7b2012c542ea84c2c4f5a5c34c241f865047c  crates/uor-matmul-validate/tests/environment.rs
987e8ee5bc5fdea6f0d9e9bc973ccd042d68d25596687f33d935481353a9ebfe  crates/uor-matmul-validate/tests/float_oracles.rs
ff2344702706e101f6f1797d702f2c165d6c18468dfe8c10b2a387b73684063e  crates/uor-matmul-validate/tests/massive.rs
0cdb9d476ef124a56857226e95f60360e1c4b6c7ca790eed8d1472cd92309150  crates/uor-matmul-validate/tests/numpy.rs
329f0ee9ea5e8981a94957cc23234378338fa49665df6df9c1abe087cfda0627  crates/uor-matmul-validate/tests/provenance.rs
181eca87c2f7dcdeb1e6348edfc9503b7ecdd7cb6ab25ab642a0f87e56376c1f  crates/uor-matmul-validate/tests/scaling_report.rs
df4cdf4ad1128aa351f77c03555afc91306a89aea15b7973a5f4ba39360129da  crates/uor-matmul-validate/tests/selection.rs
eadd77d59845f671a0181480492709939b8680992699b2f9402f827931794da5  crates/uor-matmul-validate/tests/strassen.rs
0b6782018c95216bdfb3483c3c4bb864d2f7369f681cd2b12107bf767236704a  crates/uor-matmul-validate/tests/strassen_sweep.rs
d575c3cc349277b1b9342f214d522362731465b9b128d116f3ecbc8488831c44  crates/uor-matmul-validate/tests/symbol_bandwidth.rs
0b125d0e1b309570ddf5cce566e14392cd165d2a750c612a3ffe82d76400f965  crates/uor-matmul-validate/tests/symbol_corpus.rs
2d262d5465efb2f643f1ec383ffb9ceca1af2ddd61e1c55f0486dfb148d93c2f  crates/uor-matmul-validate/tests/symbol_tabulated_sweep.rs
7f8d6dc41aee66a4bbe30781399d7032dd42afb011a5fdb6a41916ba7f819c04  crates/uor-matmul-validate/tests/tropical_oracle.rs
bc7ca7ce854732ae979e8f5adda7ce48089a021c5f430f4617a9ec62e044358a  crates/uor-matmul-validate/tests/tropical_sweep.rs
0788eb16d5dfc3c3fafc0bdfd88da7e2e323e51c1069ffdc8f9da871db54e835  crates/uor-matmul-validate/tests/uor_float.rs
54162a9c91e6c4650fa82679e840295b590a263fc3e9721a806fa412ed6d8136  crates/uor-matmul-validate/tests/uor_float_sweep.rs
b76328a59dc6c3eeb8f2e37eb12ce95b6f79a5cc85d8f00ac101c9cf4772a162  crates/uor-matmul/Cargo.toml
436c16b0c166886df62fcb74cb4b06d4b45c1cc8e18ce18e152665e391e7c004  crates/uor-matmul/src/lib.rs
6fedafc056a256d966110a6f54a59595a32e63e350d6495b9e4dd729613edbef  crates/uor-matmul/src/raw.rs
09ac4be40355e5f38ab6c2656ef1a844e7b30734132dabe1179b79d084c3eedf  crates/uor-matmul/src/slice.rs
b8529462d5dec4d4b72ddebd9a1e925e458af4247663f9162b99e8024122cc4e  crates/uor-matmul/tests/auto.rs
62ecf66884c71051e98967d8d0a80a212b327e8e82249616055bd9c944857114  crates/uor-matmul/tests/float_workspace.rs
2dce5150fa72d943f6f383e985f3080ec61be7b943a4a3ac97e4820ec630e0f5  crates/uor-matmul/tests/raw.rs
eca644fb145a73089139f980260ad4e50910dba303e5540cd1857477d78a82e9  crates/uor-matmul/tests/workspace.rs
7cf7c40eae161c2f5652c470949032b41cb00b942f5424f0a9cc500be34d5d55  model/authorities.toml
306d0914490e07c8fe462ce38f7fa6d9588bb9b97937623f12a775f5f488fb76  model/constants.toml
a5aa81322cedaed1a8c2258ed4529edf51c26e035e1431bd0cc2f10afdb409ce  model/ids.toml
5faea90afbcdbcf789c8a6c30c9844b76b90eefccfe24eb2e5f4f01bf433f7b3  model/ledger.toml
f78155cf6d2cfc8b3beef0f6727de3fe3d94c8f36d59318dfa2063fcaf038ab7  model/oracles.toml
fe6c03698d871fc8556f3e6cc1388e3430053af63aa95a725fbaecc34f0d40b7  model/tiers.toml
61d95e052695a60da927ef5e3c3eeb2701a065f3f9f1ea9a7e529f2231578c75  model/widths.toml
ab31e7cd341da17e1574ed40c4a2e99433410ba2fbb659e39dcd3d7a4fd19677  rust-toolchain.toml
5e91b89bc80eeb2ac065ac6124a0753496292a0ebbfa4c84f8c252237cb26f84  xtask/Cargo.toml
7091eed20416a1a562ab5228c6246f41afe70b4f80750e69cd7b72379abb6616  xtask/src/api.rs
bddda08d78dd2e5d1c900597a835edff9bc353ec844cc5feff12202b22699003  xtask/src/audit.rs
1d91625c4ef277f319d2694d75d61187fe90d6d20404f83ebaec835c13cfc547  xtask/src/census.rs
97955fdf64cdc74ac67f7e6565e25559bd6a50d622f336fcdaa61d97a15dd0db  xtask/src/main.rs
a471feba4b38ec66a1c83f0eadd9b8a5c0e003083a7a4b920a4496e669ba641c  xtask/src/uor_float.rs
SOURCE_MANIFEST_AFTER_AGGREGATE=7dc928ae373f2625723a25ba4ad7b2169fe7e2ac4f824ac60c55033f84672f2e
SOURCE_MANIFEST_AFTER_END
