   Compiling uor-matmul-validate v0.1.0 (/workspaces/uor-matmul/crates/uor-matmul-validate)
    Finished `release` profile [optimized] target(s) in 1m 23s
     Running tests/symbol_tabulated_sweep.rs (target/release/deps/symbol_tabulated_sweep-87a34962900fbbd3)

running 1 test
test symbol_tabulated_value_blind_boundary_cg_16 ... CG-16 hash_prefix=16 q_ceiling=8935141660703064063 q_tag_base=8935141660703064064
model,coordinate,central_s,lower95_s,upper95_s
table,intercept,0.000000000000e0,0.000000000000e0,0.000000000000e0
table,columns,0.000000000000e0,0.000000000000e0,0.000000000000e0
table,hash_coordinates,0.000000000000e0,0.000000000000e0,0.000000000000e0
table,workspace_clear_words,0.000000000000e0,0.000000000000e0,0.000000000000e0
table,entry_attempt_ceiling,0.000000000000e0,0.000000000000e0,0.000000000000e0
table,activation_observations,3.510088970580e-7,2.360936774409e-7,3.510088970580e-7
table,book_site_ceiling,3.950695337170e-6,3.085031439392e-6,3.950695337170e-6
table,activation_projections,0.000000000000e0,0.000000000000e0,1.761025165593e-8
table,row_source_sites,0.000000000000e0,0.000000000000e0,0.000000000000e0
table,tile_source_sites,6.384955535300e-8,2.940000967565e-8,6.579116756980e-8
table,demand_build_ceiling,0.000000000000e0,0.000000000000e0,0.000000000000e0
table,resident_lane_words,0.000000000000e0,0.000000000000e0,0.000000000000e0
table,padding_words,0.000000000000e0,0.000000000000e0,0.000000000000e0
table,tile_block_presentations,9.790881353563e-6,6.935183788197e-6,1.231344903424e-5
dense,intercept,0.000000000000e0,0.000000000000e0,5.338809268265e-5
dense,output_cells,1.126440765327e-6,9.155379643265e-7,1.618616848338e-6
dense,dense_decodes,0.000000000000e0,0.000000000000e0,0.000000000000e0
dense,row_source_sites,1.733833704444e-7,1.733833704444e-7,2.102278665838e-7
dense,dense_calls,0.000000000000e0,0.000000000000e0,1.204337104305e-7
dense,dense_joins,0.000000000000e0,0.000000000000e0,4.343374598238e-7
fit,table,active=4,rss=5.990364769142e-6
fit,dense,active=2,rss=1.582258120540e-5
calibration_key,ids,table_target_s,table_fit_s,dense_target_s,dense_fit_s
D1:M1:K1:N1:R1:C1:P1:PANEL17:EXACT1:LANE2:INDEX5,C01,3.870847819578e-7,1.415643514314e-5,2.416249335179e-7,1.299824135772e-6
D3:M1:K2:N3:R1:C3:P2:PANEL19:EXACT3:LANE11:INDEX19,C02,2.210197777266e-6,2.272808249131e-5,1.333500466863e-6,4.419622518648e-6
D3:M4:K64:N257:R4:C7:P64:PANEL19:EXACT28:LANE2052:INDEX2305,C26,5.641122434359e-4,1.514170460186e-3,1.253670416588e-2,1.256521981503e-2
D3:M16:K17:N17:R16:C17:P17:PANEL19:EXACT272:LANE1360:INDEX145,C06,4.203749567942e-5,1.355699088619e-4,1.206354758314e-3,1.108116593104e-3
D3:M16:K256:N1:R16:C1:P256:PANEL19:EXACT16:LANE16400:INDEX5,C21,5.071739224050e-4,1.475720895885e-3,6.532631946594e-4,7.282013375855e-4
D3:M31:K19:N33:R16:C4:P19:PANEL19:EXACT64:LANE1744:INDEX0,C14,1.584696272360e-3,8.593543433207e-4,5.288271744784e-3,4.522401474258e-3
D3:M31:K19:N33:R16:C4:P19:PANEL19:EXACT64:LANE1744:INDEX289,C13,1.287636441322e-3,8.593543433207e-4,5.163942661969e-3,4.522401474258e-3
D5:M2:K15:N5:R2:C5:P15:PANEL21:EXACT10:LANE250:INDEX37,C03,7.870324593556e-6,4.486334160263e-5,4.120107389326e-5,3.727191321993e-5
D5:M8:K33:N64:R8:C16:P33:PANEL21:EXACT128:LANE2624:INDEX0,C16,4.426243727740e-4,2.864336118289e-4,4.242060075012e-3,3.506223098876e-3
D5:M8:K33:N64:R8:C16:P33:PANEL21:EXACT128:LANE2624:INDEX320,C15,9.096465023675e-5,2.864336118289e-4,3.043281809413e-3,3.506223098876e-3
D5:M17:K21:N2:R16:C1:P21:PANEL21:EXACT16:LANE2720:INDEX10,C27,2.926998300081e-5,1.895905409995e-4,4.807050180976e-5,1.620947125184e-4
D5:M17:K43:N11:R16:C3:P43:PANEL21:EXACT48:LANE5680:INDEX75,C07+C29,2.154894693337e-4,4.150697106277e-4,7.396331046354e-5,1.604820104860e-3
D5:M17:K43:N11:R16:C3:P43:PANEL752:EXACT48:LANE5680:INDEX75,C08,3.159588515628e-4,4.150697106277e-4,7.968179800971e-4,1.604820104860e-3
D5:M33:K2:N7:R16:C3:P2:PANEL87:EXACT48:LANE368:INDEX39,C22,3.458712269194e-5,1.337196773986e-4,2.159480444125e-4,3.403109339359e-4
D16:M2:K31:N129:R2:C64:P31:PANEL32:EXACT128:LANE1250:INDEX0,C24,2.256555549345e-4,3.696806929296e-4,3.887113377883e-3,1.677341914269e-3
D16:M2:K31:N129:R2:C64:P31:PANEL32:EXACT128:LANE1250:INDEX1153,C23,1.108833307152e-4,3.696806929296e-4,2.410213732863e-3,1.677341914269e-3
D16:M3:K127:N9:R2:C9:P127:PANEL32:EXACT18:LANE4082:INDEX73,C17+C31,3.764812002608e-4,3.624873614179e-4,2.552857490384e-5,6.249454779177e-4
D16:M3:K127:N9:R2:C9:P127:PANEL413:EXACT18:LANE4082:INDEX73,C18,3.315894312953e-4,3.624873614179e-4,2.833033380054e-4,6.249454779177e-4
D16:M15:K16:N7:R8:C7:P16:PANEL32:EXACT56:LANE2104:INDEX39,C04,1.155832735139e-4,2.152213869010e-4,1.416291142430e-4,4.095603427060e-4
D16:M16:K65:N3:R16:C1:P65:PANEL32:EXACT16:LANE16688:INDEX19,C28,2.690566882535e-4,4.700836856895e-4,6.293706542164e-4,5.950252725222e-4
D16:M17:K1:N17:R16:C2:P1:PANEL32:EXACT32:LANE528:INDEX145,C09,2.936163464563e-5,2.475850258908e-4,9.934284472215e-5,3.756491752380e-4
D16:M17:K1:N17:R16:C2:P1:PANEL49:EXACT32:LANE528:INDEX145,C10,4.722897138264e-5,2.475850258908e-4,1.009074028314e-4,3.756491752380e-4
D256:M1:K257:N11:R1:C11:P128:PANEL272:EXACT11:LANE32779:INDEX75,C05,4.943778709457e-4,1.291880867196e-3,5.627927852891e-4,5.025456366649e-4
D256:M1:K4096:N4:R1:C2:P128:PANEL272:EXACT2:LANE32772:INDEX20,C20,3.098673024476e-3,3.514803326276e-3,3.137017348871e-3,2.845218904422e-3
D256:M1:K4096:N4:R1:C4:P128:PANEL272:EXACT4:LANE32772:INDEX20,C19+C32,4.981361885983e-3,3.505012444922e-3,9.520878667963e-4,2.845218904422e-3
D256:M2:K64:N65:R2:C8:P64:PANEL272:EXACT16:LANE32898:INDEX577,C11+C30,1.209784603339e-3,1.410039227589e-3,2.202481288984e-3,1.588986941590e-3
D256:M2:K64:N65:R2:C8:P64:PANEL400:EXACT16:LANE32898:INDEX577,C12,1.538145434781e-3,1.410039227589e-3,2.095216480828e-3,1.588986941590e-3
D256:M9:K8:N257:R8:C64:P8:PANEL272:EXACT512:LANE18440:INDEX2305,C25,1.300472665693e-3,1.397108832051e-3,5.038279621197e-3,5.813743376905e-3
sample_kind,split,id,key,round,route,seconds
split,id,D,m,k,n,predicted,table_mean_s,table_ci_s,dense_mean_s,dense_ci_s,ratio,ratio_ci_s,table_upper_prediction_s,dense_lower_prediction_s,distinct_columns,repeated_columns,hash_coordinates,call_entry_attempts,call_entry_full,build_entry_attempts,build_entry_full,scalar_calls,scalar_replays,safe_aggregates,fractured_aggregates,finite_tags,special_tags,capacity_flushes,singletons,tail_placements,build_contractions,gather_adds,full_q_rectangles,table_adds,dense_calls,table_batch,dense_batch,call_per_step
CAL,C01,1,1,1,1,dense,3.766127585e-7,1.047202346e-8,2.856894010e-7,4.406446751e-8,1.349284976e0,1.391757904e-1,0.000016255940135193323,0,1,0,1,0,0,0,0,0,0,0,0,0,0,0,0,1,1,1,1,3,1,4755,8548,171805429006849
SAMPLE,CAL,C01,D1:M1:K1:N1:R1:C1:P1:PANEL17:EXACT1:LANE2:INDEX5,0,table,4.067310199790e-7
SAMPLE,CAL,C01,D1:M1:K1:N1:R1:C1:P1:PANEL17:EXACT1:LANE2:INDEX5,0,dense,2.643523631259e-7
SAMPLE,CAL,C01,D1:M1:K1:N1:R1:C1:P1:PANEL17:EXACT1:LANE2:INDEX5,1,table,3.686937960042e-7
SAMPLE,CAL,C01,D1:M1:K1:N1:R1:C1:P1:PANEL17:EXACT1:LANE2:INDEX5,1,dense,2.672941038839e-7
SAMPLE,CAL,C01,D1:M1:K1:N1:R1:C1:P1:PANEL17:EXACT1:LANE2:INDEX5,2,table,3.797722397476e-7
SAMPLE,CAL,C01,D1:M1:K1:N1:R1:C1:P1:PANEL17:EXACT1:LANE2:INDEX5,2,dense,2.644835049134e-7
SAMPLE,CAL,C01,D1:M1:K1:N1:R1:C1:P1:PANEL17:EXACT1:LANE2:INDEX5,3,table,3.707985278654e-7
SAMPLE,CAL,C01,D1:M1:K1:N1:R1:C1:P1:PANEL17:EXACT1:LANE2:INDEX5,3,dense,2.682457884885e-7
SAMPLE,CAL,C01,D1:M1:K1:N1:R1:C1:P1:PANEL17:EXACT1:LANE2:INDEX5,4,table,3.655690851735e-7
SAMPLE,CAL,C01,D1:M1:K1:N1:R1:C1:P1:PANEL17:EXACT1:LANE2:INDEX5,4,dense,2.664970753393e-7
SAMPLE,CAL,C01,D1:M1:K1:N1:R1:C1:P1:PANEL17:EXACT1:LANE2:INDEX5,5,table,3.680450052576e-7
SAMPLE,CAL,C01,D1:M1:K1:N1:R1:C1:P1:PANEL17:EXACT1:LANE2:INDEX5,5,dense,2.645280767431e-7
SAMPLE,CAL,C01,D1:M1:K1:N1:R1:C1:P1:PANEL17:EXACT1:LANE2:INDEX5,6,table,3.893465825447e-7
SAMPLE,CAL,C01,D1:M1:K1:N1:R1:C1:P1:PANEL17:EXACT1:LANE2:INDEX5,6,dense,4.384751988769e-7
SAMPLE,CAL,C01,D1:M1:K1:N1:R1:C1:P1:PANEL17:EXACT1:LANE2:INDEX5,7,table,3.743699263933e-7
SAMPLE,CAL,C01,D1:M1:K1:N1:R1:C1:P1:PANEL17:EXACT1:LANE2:INDEX5,7,dense,2.698772812354e-7
SAMPLE,CAL,C01,D1:M1:K1:N1:R1:C1:P1:PANEL17:EXACT1:LANE2:INDEX5,8,table,3.661886435331e-7
SAMPLE,CAL,C01,D1:M1:K1:N1:R1:C1:P1:PANEL17:EXACT1:LANE2:INDEX5,8,dense,2.674512166589e-7
CAL,C02,3,1,2,3,dense,1.868033717e-6,3.421640603e-7,1.565614745e-6,2.321142777e-7,1.191437486e0,9.018357909e-2,0.00002408106672611427,0,3,0,6,6,0,6,0,12,6,0,2,2,0,0,2,0,4,6,4,22,3,1506,2110,8935141660703064064
SAMPLE,CAL,C02,D3:M1:K2:N3:R1:C3:P2:PANEL19:EXACT3:LANE11:INDEX19,0,table,1.651112881806e-6
SAMPLE,CAL,C02,D3:M1:K2:N3:R1:C3:P2:PANEL19:EXACT3:LANE11:INDEX19,0,dense,1.805072985782e-6
SAMPLE,CAL,C02,D3:M1:K2:N3:R1:C3:P2:PANEL19:EXACT3:LANE11:INDEX19,1,table,2.644080345286e-6
SAMPLE,CAL,C02,D3:M1:K2:N3:R1:C3:P2:PANEL19:EXACT3:LANE11:INDEX19,1,dense,2.000848815166e-6
SAMPLE,CAL,C02,D3:M1:K2:N3:R1:C3:P2:PANEL19:EXACT3:LANE11:INDEX19,2,table,2.660604913679e-6
SAMPLE,CAL,C02,D3:M1:K2:N3:R1:C3:P2:PANEL19:EXACT3:LANE11:INDEX19,2,dense,2.063663033175e-6
SAMPLE,CAL,C02,D3:M1:K2:N3:R1:C3:P2:PANEL19:EXACT3:LANE11:INDEX19,3,table,1.647148074369e-6
SAMPLE,CAL,C02,D3:M1:K2:N3:R1:C3:P2:PANEL19:EXACT3:LANE11:INDEX19,3,dense,1.415572511848e-6
SAMPLE,CAL,C02,D3:M1:K2:N3:R1:C3:P2:PANEL19:EXACT3:LANE11:INDEX19,4,table,1.692178618858e-6
SAMPLE,CAL,C02,D3:M1:K2:N3:R1:C3:P2:PANEL19:EXACT3:LANE11:INDEX19,4,dense,1.348096208531e-6
SAMPLE,CAL,C02,D3:M1:K2:N3:R1:C3:P2:PANEL19:EXACT3:LANE11:INDEX19,5,table,1.626731739708e-6
SAMPLE,CAL,C02,D3:M1:K2:N3:R1:C3:P2:PANEL19:EXACT3:LANE11:INDEX19,5,dense,1.359777251185e-6
SAMPLE,CAL,C02,D3:M1:K2:N3:R1:C3:P2:PANEL19:EXACT3:LANE11:INDEX19,6,table,1.629832005312e-6
SAMPLE,CAL,C02,D3:M1:K2:N3:R1:C3:P2:PANEL19:EXACT3:LANE11:INDEX19,6,dense,1.345024170616e-6
SAMPLE,CAL,C02,D3:M1:K2:N3:R1:C3:P2:PANEL19:EXACT3:LANE11:INDEX19,7,table,1.628388446215e-6
SAMPLE,CAL,C02,D3:M1:K2:N3:R1:C3:P2:PANEL19:EXACT3:LANE11:INDEX19,7,dense,1.408493364929e-6
SAMPLE,CAL,C02,D3:M1:K2:N3:R1:C3:P2:PANEL19:EXACT3:LANE11:INDEX19,8,table,1.632226427623e-6
SAMPLE,CAL,C02,D3:M1:K2:N3:R1:C3:P2:PANEL19:EXACT3:LANE11:INDEX19,8,dense,1.343984360190e-6
CAL,C03,5,2,15,5,dense,6.924265038e-6,9.460595555e-7,4.806011601e-5,6.859042120e-6,1.442109426e-1,8.316010653e-4,0.00004486334160262639,0.00003436401151744074,5,0,75,75,0,75,0,0,0,0,0,0,0,0,0,1,146,150,146,296,5,423,68,281474943156225
SAMPLE,CAL,C03,D5:M2:K15:N5:R2:C5:P15:PANEL21:EXACT10:LANE250:INDEX37,0,table,6.473723404255e-6
SAMPLE,CAL,C03,D5:M2:K15:N5:R2:C5:P15:PANEL21:EXACT10:LANE250:INDEX37,0,dense,4.480279411765e-5
SAMPLE,CAL,C03,D5:M2:K15:N5:R2:C5:P15:PANEL21:EXACT10:LANE250:INDEX37,1,table,6.482985815603e-6
SAMPLE,CAL,C03,D5:M2:K15:N5:R2:C5:P15:PANEL21:EXACT10:LANE250:INDEX37,1,dense,4.502261764706e-5
SAMPLE,CAL,C03,D5:M2:K15:N5:R2:C5:P15:PANEL21:EXACT10:LANE250:INDEX37,2,table,6.521732860520e-6
SAMPLE,CAL,C03,D5:M2:K15:N5:R2:C5:P15:PANEL21:EXACT10:LANE250:INDEX37,2,dense,4.551810294118e-5
SAMPLE,CAL,C03,D5:M2:K15:N5:R2:C5:P15:PANEL21:EXACT10:LANE250:INDEX37,3,table,6.528177304965e-6
SAMPLE,CAL,C03,D5:M2:K15:N5:R2:C5:P15:PANEL21:EXACT10:LANE250:INDEX37,3,dense,4.523007352941e-5
SAMPLE,CAL,C03,D5:M2:K15:N5:R2:C5:P15:PANEL21:EXACT10:LANE250:INDEX37,4,table,6.503851063830e-6
SAMPLE,CAL,C03,D5:M2:K15:N5:R2:C5:P15:PANEL21:EXACT10:LANE250:INDEX37,4,dense,4.509394117647e-5
SAMPLE,CAL,C03,D5:M2:K15:N5:R2:C5:P15:PANEL21:EXACT10:LANE250:INDEX37,5,table,6.521947990544e-6
SAMPLE,CAL,C03,D5:M2:K15:N5:R2:C5:P15:PANEL21:EXACT10:LANE250:INDEX37,5,dense,4.505385294118e-5
SAMPLE,CAL,C03,D5:M2:K15:N5:R2:C5:P15:PANEL21:EXACT10:LANE250:INDEX37,6,table,6.507758865248e-6
SAMPLE,CAL,C03,D5:M2:K15:N5:R2:C5:P15:PANEL21:EXACT10:LANE250:INDEX37,6,dense,4.492670588235e-5
SAMPLE,CAL,C03,D5:M2:K15:N5:R2:C5:P15:PANEL21:EXACT10:LANE250:INDEX37,7,table,6.572749408983e-6
SAMPLE,CAL,C03,D5:M2:K15:N5:R2:C5:P15:PANEL21:EXACT10:LANE250:INDEX37,7,dense,4.504339705882e-5
SAMPLE,CAL,C03,D5:M2:K15:N5:R2:C5:P15:PANEL21:EXACT10:LANE250:INDEX37,8,table,1.020545862884e-5
SAMPLE,CAL,C03,D5:M2:K15:N5:R2:C5:P15:PANEL21:EXACT10:LANE250:INDEX37,8,dense,7.184955882353e-5
CAL,C04,16,15,16,7,table,9.671479894e-5,1.886847457e-5,1.682555714e-4,2.662645719e-5,5.776610208e-1,7.603000907e-2,0.00021522138690102937,0.0004095603427059526,7,0,112,112,0,448,0,896,448,0,64,0,64,0,64,0,1665,1680,240,3425,7,21,14,8935141660703064064
SAMPLE,CAL,C04,D16:M15:K16:N7:R8:C7:P16:PANEL32:EXACT56:LANE2104:INDEX39,0,table,1.329931904762e-4
SAMPLE,CAL,C04,D16:M15:K16:N7:R8:C7:P16:PANEL32:EXACT56:LANE2104:INDEX39,0,dense,2.403152142857e-4
SAMPLE,CAL,C04,D16:M15:K16:N7:R8:C7:P16:PANEL32:EXACT56:LANE2104:INDEX39,1,table,8.592780952381e-5
SAMPLE,CAL,C04,D16:M15:K16:N7:R8:C7:P16:PANEL32:EXACT56:LANE2104:INDEX39,1,dense,2.077251428571e-4
SAMPLE,CAL,C04,D16:M15:K16:N7:R8:C7:P16:PANEL32:EXACT56:LANE2104:INDEX39,2,table,8.330528571429e-5
SAMPLE,CAL,C04,D16:M15:K16:N7:R8:C7:P16:PANEL32:EXACT56:LANE2104:INDEX39,2,dense,1.453309285714e-4
SAMPLE,CAL,C04,D16:M15:K16:N7:R8:C7:P16:PANEL32:EXACT56:LANE2104:INDEX39,3,table,8.319557142857e-5
SAMPLE,CAL,C04,D16:M15:K16:N7:R8:C7:P16:PANEL32:EXACT56:LANE2104:INDEX39,3,dense,1.446467857143e-4
SAMPLE,CAL,C04,D16:M15:K16:N7:R8:C7:P16:PANEL32:EXACT56:LANE2104:INDEX39,4,table,8.338114285714e-5
SAMPLE,CAL,C04,D16:M15:K16:N7:R8:C7:P16:PANEL32:EXACT56:LANE2104:INDEX39,4,dense,1.482700000000e-4
SAMPLE,CAL,C04,D16:M15:K16:N7:R8:C7:P16:PANEL32:EXACT56:LANE2104:INDEX39,5,table,8.946533333333e-5
SAMPLE,CAL,C04,D16:M15:K16:N7:R8:C7:P16:PANEL32:EXACT56:LANE2104:INDEX39,5,dense,1.525265000000e-4
SAMPLE,CAL,C04,D16:M15:K16:N7:R8:C7:P16:PANEL32:EXACT56:LANE2104:INDEX39,6,table,8.358395238095e-5
SAMPLE,CAL,C04,D16:M15:K16:N7:R8:C7:P16:PANEL32:EXACT56:LANE2104:INDEX39,6,dense,1.466212142857e-4
SAMPLE,CAL,C04,D16:M15:K16:N7:R8:C7:P16:PANEL32:EXACT56:LANE2104:INDEX39,7,table,1.459511428571e-4
SAMPLE,CAL,C04,D16:M15:K16:N7:R8:C7:P16:PANEL32:EXACT56:LANE2104:INDEX39,7,dense,1.820649285714e-4
SAMPLE,CAL,C04,D16:M15:K16:N7:R8:C7:P16:PANEL32:EXACT56:LANE2104:INDEX39,8,table,8.262976190476e-5
SAMPLE,CAL,C04,D16:M15:K16:N7:R8:C7:P16:PANEL32:EXACT56:LANE2104:INDEX39,8,dense,1.467994285714e-4
CAL,C05,256,1,257,11,dense,4.219834444e-4,7.239442650e-5,6.300315926e-4,6.723880730e-5,6.653221472e-1,5.179744076e-2,0.0012918808671958384,0.0005025456366649331,11,0,176,33,1,2827,0,2827,0,257,0,0,0,68,0,1,2827,2827,2827,8481,11,9,6,4611685468671590400
SAMPLE,CAL,C05,D256:M1:K257:N11:R1:C11:P128:PANEL272:EXACT11:LANE32779:INDEX75,0,table,3.748588888889e-4
SAMPLE,CAL,C05,D256:M1:K257:N11:R1:C11:P128:PANEL272:EXACT11:LANE32779:INDEX75,0,dense,5.764030000000e-4
SAMPLE,CAL,C05,D256:M1:K257:N11:R1:C11:P128:PANEL272:EXACT11:LANE32779:INDEX75,1,table,3.742298888889e-4
SAMPLE,CAL,C05,D256:M1:K257:N11:R1:C11:P128:PANEL272:EXACT11:LANE32779:INDEX75,1,dense,5.776805000000e-4
SAMPLE,CAL,C05,D256:M1:K257:N11:R1:C11:P128:PANEL272:EXACT11:LANE32779:INDEX75,2,table,3.759955555556e-4
SAMPLE,CAL,C05,D256:M1:K257:N11:R1:C11:P128:PANEL272:EXACT11:LANE32779:INDEX75,2,dense,5.793235000000e-4
SAMPLE,CAL,C05,D256:M1:K257:N11:R1:C11:P128:PANEL272:EXACT11:LANE32779:INDEX75,3,table,3.734495555556e-4
SAMPLE,CAL,C05,D256:M1:K257:N11:R1:C11:P128:PANEL272:EXACT11:LANE32779:INDEX75,3,dense,5.762095000000e-4
SAMPLE,CAL,C05,D256:M1:K257:N11:R1:C11:P128:PANEL272:EXACT11:LANE32779:INDEX75,4,table,3.753776666667e-4
SAMPLE,CAL,C05,D256:M1:K257:N11:R1:C11:P128:PANEL272:EXACT11:LANE32779:INDEX75,4,dense,5.730801666667e-4
SAMPLE,CAL,C05,D256:M1:K257:N11:R1:C11:P128:PANEL272:EXACT11:LANE32779:INDEX75,5,table,3.745037777778e-4
SAMPLE,CAL,C05,D256:M1:K257:N11:R1:C11:P128:PANEL272:EXACT11:LANE32779:INDEX75,5,dense,5.722603333333e-4
SAMPLE,CAL,C05,D256:M1:K257:N11:R1:C11:P128:PANEL272:EXACT11:LANE32779:INDEX75,6,table,3.733562222222e-4
SAMPLE,CAL,C05,D256:M1:K257:N11:R1:C11:P128:PANEL272:EXACT11:LANE32779:INDEX75,6,dense,6.739215000000e-4
SAMPLE,CAL,C05,D256:M1:K257:N11:R1:C11:P128:PANEL272:EXACT11:LANE32779:INDEX75,7,table,5.830637777778e-4
SAMPLE,CAL,C05,D256:M1:K257:N11:R1:C11:P128:PANEL272:EXACT11:LANE32779:INDEX75,7,dense,8.026816666667e-4
SAMPLE,CAL,C05,D256:M1:K257:N11:R1:C11:P128:PANEL272:EXACT11:LANE32779:INDEX75,8,table,5.930156666667e-4
SAMPLE,CAL,C05,D256:M1:K257:N11:R1:C11:P128:PANEL272:EXACT11:LANE32779:INDEX75,8,dense,7.387241666667e-4
CAL,C06,3,16,17,17,table,4.186720188e-5,1.702938015e-7,1.219784926e-3,1.343016761e-5,3.432986195e-2,4.122642565e-4,0.0001355699088618622,0.0011081165931039175,3,14,272,289,0,51,0,0,0,0,0,0,0,0,0,1,784,816,784,1600,17,71,3,281474943156225
SAMPLE,CAL,C06,D3:M16:K17:N17:R16:C17:P17:PANEL19:EXACT272:LANE1360:INDEX145,0,table,4.237408450704e-5
SAMPLE,CAL,C06,D3:M16:K17:N17:R16:C17:P17:PANEL19:EXACT272:LANE1360:INDEX145,0,dense,1.210917666667e-3
SAMPLE,CAL,C06,D3:M16:K17:N17:R16:C17:P17:PANEL19:EXACT272:LANE1360:INDEX145,1,table,4.168278873239e-5
SAMPLE,CAL,C06,D3:M16:K17:N17:R16:C17:P17:PANEL19:EXACT272:LANE1360:INDEX145,1,dense,1.205968666667e-3
SAMPLE,CAL,C06,D3:M16:K17:N17:R16:C17:P17:PANEL19:EXACT272:LANE1360:INDEX145,2,table,4.172822535211e-5
SAMPLE,CAL,C06,D3:M16:K17:N17:R16:C17:P17:PANEL19:EXACT272:LANE1360:INDEX145,2,dense,1.210697333333e-3
SAMPLE,CAL,C06,D3:M16:K17:N17:R16:C17:P17:PANEL19:EXACT272:LANE1360:INDEX145,3,table,4.176292957746e-5
SAMPLE,CAL,C06,D3:M16:K17:N17:R16:C17:P17:PANEL19:EXACT272:LANE1360:INDEX145,3,dense,1.204285333333e-3
SAMPLE,CAL,C06,D3:M16:K17:N17:R16:C17:P17:PANEL19:EXACT272:LANE1360:INDEX145,4,table,4.191222535211e-5
SAMPLE,CAL,C06,D3:M16:K17:N17:R16:C17:P17:PANEL19:EXACT272:LANE1360:INDEX145,4,dense,1.230070000000e-3
SAMPLE,CAL,C06,D3:M16:K17:N17:R16:C17:P17:PANEL19:EXACT272:LANE1360:INDEX145,5,table,4.177790140845e-5
SAMPLE,CAL,C06,D3:M16:K17:N17:R16:C17:P17:PANEL19:EXACT272:LANE1360:INDEX145,5,dense,1.258549000000e-3
SAMPLE,CAL,C06,D3:M16:K17:N17:R16:C17:P17:PANEL19:EXACT272:LANE1360:INDEX145,6,table,4.169774647887e-5
SAMPLE,CAL,C06,D3:M16:K17:N17:R16:C17:P17:PANEL19:EXACT272:LANE1360:INDEX145,6,dense,1.230831666667e-3
SAMPLE,CAL,C06,D3:M16:K17:N17:R16:C17:P17:PANEL19:EXACT272:LANE1360:INDEX145,7,table,4.204346478873e-5
SAMPLE,CAL,C06,D3:M16:K17:N17:R16:C17:P17:PANEL19:EXACT272:LANE1360:INDEX145,7,dense,1.217680333333e-3
SAMPLE,CAL,C06,D3:M16:K17:N17:R16:C17:P17:PANEL19:EXACT272:LANE1360:INDEX145,8,table,4.182545070423e-5
SAMPLE,CAL,C06,D3:M16:K17:N17:R16:C17:P17:PANEL19:EXACT272:LANE1360:INDEX145,8,dense,1.209064333333e-3
CAL,C07,5,17,43,11,table,1.745319911e-4,4.095747822e-5,2.042471556e-3,3.522769288e-4,8.562376819e-2,1.397118027e-2,0.00041506971062768203,0.001604820104859643,3,8,176,473,0,516,0,0,0,0,0,0,0,0,0,8,2958,4386,2958,7344,561,25,2,281474943156225
SAMPLE,CAL,C07,D5:M17:K43:N11:R16:C3:P43:PANEL21:EXACT48:LANE5680:INDEX75,0,table,1.200494400000e-4
SAMPLE,CAL,C07,D5:M17:K43:N11:R16:C3:P43:PANEL21:EXACT48:LANE5680:INDEX75,0,dense,1.559147000000e-3
SAMPLE,CAL,C07,D5:M17:K43:N11:R16:C3:P43:PANEL21:EXACT48:LANE5680:INDEX75,1,table,1.820282000000e-4
SAMPLE,CAL,C07,D5:M17:K43:N11:R16:C3:P43:PANEL21:EXACT48:LANE5680:INDEX75,1,dense,1.569977500000e-3
SAMPLE,CAL,C07,D5:M17:K43:N11:R16:C3:P43:PANEL21:EXACT48:LANE5680:INDEX75,2,table,1.935528800000e-4
SAMPLE,CAL,C07,D5:M17:K43:N11:R16:C3:P43:PANEL21:EXACT48:LANE5680:INDEX75,2,dense,2.370595000000e-3
SAMPLE,CAL,C07,D5:M17:K43:N11:R16:C3:P43:PANEL21:EXACT48:LANE5680:INDEX75,3,table,1.601626000000e-4
SAMPLE,CAL,C07,D5:M17:K43:N11:R16:C3:P43:PANEL21:EXACT48:LANE5680:INDEX75,3,dense,2.372609000000e-3
SAMPLE,CAL,C07,D5:M17:K43:N11:R16:C3:P43:PANEL21:EXACT48:LANE5680:INDEX75,4,table,1.202626400000e-4
SAMPLE,CAL,C07,D5:M17:K43:N11:R16:C3:P43:PANEL21:EXACT48:LANE5680:INDEX75,4,dense,1.563435000000e-3
SAMPLE,CAL,C07,D5:M17:K43:N11:R16:C3:P43:PANEL21:EXACT48:LANE5680:INDEX75,5,table,1.204934800000e-4
SAMPLE,CAL,C07,D5:M17:K43:N11:R16:C3:P43:PANEL21:EXACT48:LANE5680:INDEX75,5,dense,1.564462000000e-3
SAMPLE,CAL,C07,D5:M17:K43:N11:R16:C3:P43:PANEL21:EXACT48:LANE5680:INDEX75,6,table,1.797704000000e-4
SAMPLE,CAL,C07,D5:M17:K43:N11:R16:C3:P43:PANEL21:EXACT48:LANE5680:INDEX75,6,dense,2.386169000000e-3
SAMPLE,CAL,C07,D5:M17:K43:N11:R16:C3:P43:PANEL21:EXACT48:LANE5680:INDEX75,7,table,2.836788800000e-4
SAMPLE,CAL,C07,D5:M17:K43:N11:R16:C3:P43:PANEL21:EXACT48:LANE5680:INDEX75,7,dense,2.409056500000e-3
SAMPLE,CAL,C07,D5:M17:K43:N11:R16:C3:P43:PANEL21:EXACT48:LANE5680:INDEX75,8,table,2.107894000000e-4
SAMPLE,CAL,C07,D5:M17:K43:N11:R16:C3:P43:PANEL21:EXACT48:LANE5680:INDEX75,8,dense,2.586793000000e-3
CAL,C08,5,17,43,11,table,2.721831358e-4,4.377571576e-5,1.044132778e-3,2.473147977e-4,2.703433004e-1,4.417823555e-2,0.00041506971062768203,0.001604820104859643,3,8,176,473,0,516,0,1016,500,11,333,24,309,8,333,3,2958,4386,385,7436,22,9,3,8935141660703064064
SAMPLE,CAL,C08,D5:M17:K43:N11:R16:C3:P43:PANEL752:EXACT48:LANE5680:INDEX75,0,table,3.291180000000e-4
SAMPLE,CAL,C08,D5:M17:K43:N11:R16:C3:P43:PANEL752:EXACT48:LANE5680:INDEX75,0,dense,1.189057000000e-3
SAMPLE,CAL,C08,D5:M17:K43:N11:R16:C3:P43:PANEL752:EXACT48:LANE5680:INDEX75,1,table,3.321325555556e-4
SAMPLE,CAL,C08,D5:M17:K43:N11:R16:C3:P43:PANEL752:EXACT48:LANE5680:INDEX75,1,dense,1.694603666667e-3
SAMPLE,CAL,C08,D5:M17:K43:N11:R16:C3:P43:PANEL752:EXACT48:LANE5680:INDEX75,2,table,3.240397777778e-4
SAMPLE,CAL,C08,D5:M17:K43:N11:R16:C3:P43:PANEL752:EXACT48:LANE5680:INDEX75,2,dense,1.217506666667e-3
SAMPLE,CAL,C08,D5:M17:K43:N11:R16:C3:P43:PANEL752:EXACT48:LANE5680:INDEX75,3,table,1.882721111111e-4
SAMPLE,CAL,C08,D5:M17:K43:N11:R16:C3:P43:PANEL752:EXACT48:LANE5680:INDEX75,3,dense,6.800946666667e-4
SAMPLE,CAL,C08,D5:M17:K43:N11:R16:C3:P43:PANEL752:EXACT48:LANE5680:INDEX75,4,table,1.779584444444e-4
SAMPLE,CAL,C08,D5:M17:K43:N11:R16:C3:P43:PANEL752:EXACT48:LANE5680:INDEX75,4,dense,7.205303333333e-4
SAMPLE,CAL,C08,D5:M17:K43:N11:R16:C3:P43:PANEL752:EXACT48:LANE5680:INDEX75,5,table,2.587501111111e-4
SAMPLE,CAL,C08,D5:M17:K43:N11:R16:C3:P43:PANEL752:EXACT48:LANE5680:INDEX75,5,dense,1.032515000000e-3
SAMPLE,CAL,C08,D5:M17:K43:N11:R16:C3:P43:PANEL752:EXACT48:LANE5680:INDEX75,6,table,2.758153333333e-4
SAMPLE,CAL,C08,D5:M17:K43:N11:R16:C3:P43:PANEL752:EXACT48:LANE5680:INDEX75,6,dense,1.053344000000e-3
SAMPLE,CAL,C08,D5:M17:K43:N11:R16:C3:P43:PANEL752:EXACT48:LANE5680:INDEX75,7,table,2.738862222222e-4
SAMPLE,CAL,C08,D5:M17:K43:N11:R16:C3:P43:PANEL752:EXACT48:LANE5680:INDEX75,7,dense,1.101847666667e-3
SAMPLE,CAL,C08,D5:M17:K43:N11:R16:C3:P43:PANEL752:EXACT48:LANE5680:INDEX75,8,table,2.896756666667e-4
SAMPLE,CAL,C08,D5:M17:K43:N11:R16:C3:P43:PANEL752:EXACT48:LANE5680:INDEX75,8,dense,7.076960000000e-4
CAL,C09,16,17,1,17,table,2.918349407e-5,1.781405787e-7,1.013695448e-4,2.026700081e-6,2.880396374e-1,5.185424553e-3,0.0002869139778158186,0.0003474182450017569,1,16,17,17,0,18,0,0,0,0,0,0,0,0,0,18,153,153,153,307,34,103,31,171805429006849
SAMPLE,CAL,C09,D16:M17:K1:N17:R16:C2:P1:PANEL32:EXACT32:LANE528:INDEX145,0,table,2.905922330097e-5
SAMPLE,CAL,C09,D16:M17:K1:N17:R16:C2:P1:PANEL32:EXACT32:LANE528:INDEX145,0,dense,1.006670645161e-4
SAMPLE,CAL,C09,D16:M17:K1:N17:R16:C2:P1:PANEL32:EXACT32:LANE528:INDEX145,1,table,2.939383495146e-5
SAMPLE,CAL,C09,D16:M17:K1:N17:R16:C2:P1:PANEL32:EXACT32:LANE528:INDEX145,1,dense,1.083491290323e-4
SAMPLE,CAL,C09,D16:M17:K1:N17:R16:C2:P1:PANEL32:EXACT32:LANE528:INDEX145,2,table,2.906565048544e-5
SAMPLE,CAL,C09,D16:M17:K1:N17:R16:C2:P1:PANEL32:EXACT32:LANE528:INDEX145,2,dense,1.005287096774e-4
SAMPLE,CAL,C09,D16:M17:K1:N17:R16:C2:P1:PANEL32:EXACT32:LANE528:INDEX145,3,table,2.911097087379e-5
SAMPLE,CAL,C09,D16:M17:K1:N17:R16:C2:P1:PANEL32:EXACT32:LANE528:INDEX145,3,dense,1.007236129032e-4
SAMPLE,CAL,C09,D16:M17:K1:N17:R16:C2:P1:PANEL32:EXACT32:LANE528:INDEX145,4,table,2.907313592233e-5
SAMPLE,CAL,C09,D16:M17:K1:N17:R16:C2:P1:PANEL32:EXACT32:LANE528:INDEX145,4,dense,1.005710645161e-4
SAMPLE,CAL,C09,D16:M17:K1:N17:R16:C2:P1:PANEL32:EXACT32:LANE528:INDEX145,5,table,2.891430097087e-5
SAMPLE,CAL,C09,D16:M17:K1:N17:R16:C2:P1:PANEL32:EXACT32:LANE528:INDEX145,5,dense,1.006935483871e-4
SAMPLE,CAL,C09,D16:M17:K1:N17:R16:C2:P1:PANEL32:EXACT32:LANE528:INDEX145,6,table,2.905338834951e-5
SAMPLE,CAL,C09,D16:M17:K1:N17:R16:C2:P1:PANEL32:EXACT32:LANE528:INDEX145,6,dense,1.003335161290e-4
SAMPLE,CAL,C09,D16:M17:K1:N17:R16:C2:P1:PANEL32:EXACT32:LANE528:INDEX145,7,table,2.966482524272e-5
SAMPLE,CAL,C09,D16:M17:K1:N17:R16:C2:P1:PANEL32:EXACT32:LANE528:INDEX145,7,dense,1.007375161290e-4
SAMPLE,CAL,C09,D16:M17:K1:N17:R16:C2:P1:PANEL32:EXACT32:LANE528:INDEX145,8,table,2.931611650485e-5
SAMPLE,CAL,C09,D16:M17:K1:N17:R16:C2:P1:PANEL32:EXACT32:LANE528:INDEX145,8,dense,9.972174193548e-5
CAL,C10,16,17,1,17,table,3.808483333e-5,9.144138049e-6,1.238879427e-4,2.298053982e-5,3.071319763e-1,4.720276719e-2,0.0002855618521856474,0.0003474182450017569,1,16,17,17,0,18,0,0,0,0,0,0,0,0,0,18,153,153,153,307,34,104,31,171805429006849
SAMPLE,CAL,C10,D16:M17:K1:N17:R16:C2:P1:PANEL49:EXACT32:LANE528:INDEX145,0,table,2.883694230769e-5
SAMPLE,CAL,C10,D16:M17:K1:N17:R16:C2:P1:PANEL49:EXACT32:LANE528:INDEX145,0,dense,1.004269354839e-4
SAMPLE,CAL,C10,D16:M17:K1:N17:R16:C2:P1:PANEL49:EXACT32:LANE528:INDEX145,1,table,2.915686538462e-5
SAMPLE,CAL,C10,D16:M17:K1:N17:R16:C2:P1:PANEL49:EXACT32:LANE528:INDEX145,1,dense,9.982319354839e-5
SAMPLE,CAL,C10,D16:M17:K1:N17:R16:C2:P1:PANEL49:EXACT32:LANE528:INDEX145,2,table,2.941725000000e-5
SAMPLE,CAL,C10,D16:M17:K1:N17:R16:C2:P1:PANEL49:EXACT32:LANE528:INDEX145,2,dense,1.000633548387e-4
SAMPLE,CAL,C10,D16:M17:K1:N17:R16:C2:P1:PANEL49:EXACT32:LANE528:INDEX145,3,table,6.170591346154e-5
SAMPLE,CAL,C10,D16:M17:K1:N17:R16:C2:P1:PANEL49:EXACT32:LANE528:INDEX145,3,dense,1.313898064516e-4
SAMPLE,CAL,C10,D16:M17:K1:N17:R16:C2:P1:PANEL49:EXACT32:LANE528:INDEX145,4,table,4.744221153846e-5
SAMPLE,CAL,C10,D16:M17:K1:N17:R16:C2:P1:PANEL49:EXACT32:LANE528:INDEX145,4,dense,1.708740967742e-4
SAMPLE,CAL,C10,D16:M17:K1:N17:R16:C2:P1:PANEL49:EXACT32:LANE528:INDEX145,5,table,4.341237500000e-5
SAMPLE,CAL,C10,D16:M17:K1:N17:R16:C2:P1:PANEL49:EXACT32:LANE528:INDEX145,5,dense,1.594831612903e-4
SAMPLE,CAL,C10,D16:M17:K1:N17:R16:C2:P1:PANEL49:EXACT32:LANE528:INDEX145,6,table,4.503675961538e-5
SAMPLE,CAL,C10,D16:M17:K1:N17:R16:C2:P1:PANEL49:EXACT32:LANE528:INDEX145,6,dense,1.523343548387e-4
SAMPLE,CAL,C10,D16:M17:K1:N17:R16:C2:P1:PANEL49:EXACT32:LANE528:INDEX145,7,table,2.889309615385e-5
SAMPLE,CAL,C10,D16:M17:K1:N17:R16:C2:P1:PANEL49:EXACT32:LANE528:INDEX145,7,dense,1.005814193548e-4
SAMPLE,CAL,C10,D16:M17:K1:N17:R16:C2:P1:PANEL49:EXACT32:LANE528:INDEX145,8,table,2.886208653846e-5
SAMPLE,CAL,C10,D16:M17:K1:N17:R16:C2:P1:PANEL49:EXACT32:LANE528:INDEX145,8,dense,1.000151612903e-4
CAL,C11,256,2,64,65,table,3.693067654e-4,6.744556667e-5,2.548711667e-3,3.401947812e-4,1.449517873e-1,1.779225561e-2,0.0014100392275894122,0.001588986941589984,65,0,1040,4160,0,4160,0,0,0,0,0,0,0,0,0,9,8320,8320,8320,16640,65,9,2,281474943156225
SAMPLE,CAL,C11,D256:M2:K64:N65:R2:C8:P64:PANEL272:EXACT16:LANE32898:INDEX577,0,table,3.226594444444e-4
SAMPLE,CAL,C11,D256:M2:K64:N65:R2:C8:P64:PANEL272:EXACT16:LANE32898:INDEX577,0,dense,2.285195500000e-3
SAMPLE,CAL,C11,D256:M2:K64:N65:R2:C8:P64:PANEL272:EXACT16:LANE32898:INDEX577,1,table,3.289745555556e-4
SAMPLE,CAL,C11,D256:M2:K64:N65:R2:C8:P64:PANEL272:EXACT16:LANE32898:INDEX577,1,dense,2.290751000000e-3
SAMPLE,CAL,C11,D256:M2:K64:N65:R2:C8:P64:PANEL272:EXACT16:LANE32898:INDEX577,2,table,3.256327777778e-4
SAMPLE,CAL,C11,D256:M2:K64:N65:R2:C8:P64:PANEL272:EXACT16:LANE32898:INDEX577,2,dense,2.285336500000e-3
SAMPLE,CAL,C11,D256:M2:K64:N65:R2:C8:P64:PANEL272:EXACT16:LANE32898:INDEX577,3,table,3.236501111111e-4
SAMPLE,CAL,C11,D256:M2:K64:N65:R2:C8:P64:PANEL272:EXACT16:LANE32898:INDEX577,3,dense,2.289574000000e-3
SAMPLE,CAL,C11,D256:M2:K64:N65:R2:C8:P64:PANEL272:EXACT16:LANE32898:INDEX577,4,table,3.222843333333e-4
SAMPLE,CAL,C11,D256:M2:K64:N65:R2:C8:P64:PANEL272:EXACT16:LANE32898:INDEX577,4,dense,2.417522500000e-3
SAMPLE,CAL,C11,D256:M2:K64:N65:R2:C8:P64:PANEL272:EXACT16:LANE32898:INDEX577,5,table,5.214967777778e-4
SAMPLE,CAL,C11,D256:M2:K64:N65:R2:C8:P64:PANEL272:EXACT16:LANE32898:INDEX577,5,dense,2.598610500000e-3
SAMPLE,CAL,C11,D256:M2:K64:N65:R2:C8:P64:PANEL272:EXACT16:LANE32898:INDEX577,6,table,5.264905555556e-4
SAMPLE,CAL,C11,D256:M2:K64:N65:R2:C8:P64:PANEL272:EXACT16:LANE32898:INDEX577,6,dense,3.587293500000e-3
SAMPLE,CAL,C11,D256:M2:K64:N65:R2:C8:P64:PANEL272:EXACT16:LANE32898:INDEX577,7,table,3.290668888889e-4
SAMPLE,CAL,C11,D256:M2:K64:N65:R2:C8:P64:PANEL272:EXACT16:LANE32898:INDEX577,7,dense,2.902206500000e-3
SAMPLE,CAL,C11,D256:M2:K64:N65:R2:C8:P64:PANEL272:EXACT16:LANE32898:INDEX577,8,table,3.235054444444e-4
SAMPLE,CAL,C11,D256:M2:K64:N65:R2:C8:P64:PANEL272:EXACT16:LANE32898:INDEX577,8,dense,2.281915000000e-3
CAL,C12,256,2,64,65,table,1.327852444e-3,2.102929903e-4,2.391308056e-3,2.960915747e-4,5.540310953e-1,4.555860159e-2,0.0014100392275894122,0.001588986941589984,65,0,1040,4160,0,4160,0,8320,4160,0,576,576,0,0,576,0,8320,8320,8320,24960,65,3,2,8935141660703064064
SAMPLE,CAL,C12,D256:M2:K64:N65:R2:C8:P64:PANEL400:EXACT16:LANE32898:INDEX577,0,table,1.187430666667e-3
SAMPLE,CAL,C12,D256:M2:K64:N65:R2:C8:P64:PANEL400:EXACT16:LANE32898:INDEX577,0,dense,2.199611000000e-3
SAMPLE,CAL,C12,D256:M2:K64:N65:R2:C8:P64:PANEL400:EXACT16:LANE32898:INDEX577,1,table,1.191972666667e-3
SAMPLE,CAL,C12,D256:M2:K64:N65:R2:C8:P64:PANEL400:EXACT16:LANE32898:INDEX577,1,dense,2.217194000000e-3
SAMPLE,CAL,C12,D256:M2:K64:N65:R2:C8:P64:PANEL400:EXACT16:LANE32898:INDEX577,2,table,1.184815666667e-3
SAMPLE,CAL,C12,D256:M2:K64:N65:R2:C8:P64:PANEL400:EXACT16:LANE32898:INDEX577,2,dense,2.206905000000e-3
SAMPLE,CAL,C12,D256:M2:K64:N65:R2:C8:P64:PANEL400:EXACT16:LANE32898:INDEX577,3,table,1.200652000000e-3
SAMPLE,CAL,C12,D256:M2:K64:N65:R2:C8:P64:PANEL400:EXACT16:LANE32898:INDEX577,3,dense,2.212229500000e-3
SAMPLE,CAL,C12,D256:M2:K64:N65:R2:C8:P64:PANEL400:EXACT16:LANE32898:INDEX577,4,table,1.188819666667e-3
SAMPLE,CAL,C12,D256:M2:K64:N65:R2:C8:P64:PANEL400:EXACT16:LANE32898:INDEX577,4,dense,2.203238000000e-3
SAMPLE,CAL,C12,D256:M2:K64:N65:R2:C8:P64:PANEL400:EXACT16:LANE32898:INDEX577,5,table,1.190092333333e-3
SAMPLE,CAL,C12,D256:M2:K64:N65:R2:C8:P64:PANEL400:EXACT16:LANE32898:INDEX577,5,dense,2.214709500000e-3
SAMPLE,CAL,C12,D256:M2:K64:N65:R2:C8:P64:PANEL400:EXACT16:LANE32898:INDEX577,6,table,1.186445333333e-3
SAMPLE,CAL,C12,D256:M2:K64:N65:R2:C8:P64:PANEL400:EXACT16:LANE32898:INDEX577,6,dense,2.333035000000e-3
SAMPLE,CAL,C12,D256:M2:K64:N65:R2:C8:P64:PANEL400:EXACT16:LANE32898:INDEX577,7,table,1.798239333333e-3
SAMPLE,CAL,C12,D256:M2:K64:N65:R2:C8:P64:PANEL400:EXACT16:LANE32898:INDEX577,7,dense,3.367503500000e-3
SAMPLE,CAL,C12,D256:M2:K64:N65:R2:C8:P64:PANEL400:EXACT16:LANE32898:INDEX577,8,table,1.822204333333e-3
SAMPLE,CAL,C12,D256:M2:K64:N65:R2:C8:P64:PANEL400:EXACT16:LANE32898:INDEX577,8,dense,2.567347000000e-3
CAL,C13,3,31,19,33,table,1.182819519e-3,1.048169228e-4,5.959794444e-3,7.958517825e-4,2.004666117e-1,1.247528887e-2,0.0008805585422725809,0.00452240147425759,5,28,528,627,0,2470,0,2470,0,855,0,0,0,224,0,45,14725,15314,14725,32509,66,3,1,4611685468671590400
SAMPLE,CAL,C13,D3:M31:K19:N33:R16:C4:P19:PANEL19:EXACT64:LANE1744:INDEX289,0,table,1.124637000000e-3
SAMPLE,CAL,C13,D3:M31:K19:N33:R16:C4:P19:PANEL19:EXACT64:LANE1744:INDEX289,0,dense,5.510535000000e-3
SAMPLE,CAL,C13,D3:M31:K19:N33:R16:C4:P19:PANEL19:EXACT64:LANE1744:INDEX289,1,table,1.138202333333e-3
SAMPLE,CAL,C13,D3:M31:K19:N33:R16:C4:P19:PANEL19:EXACT64:LANE1744:INDEX289,1,dense,5.404677000000e-3
SAMPLE,CAL,C13,D3:M31:K19:N33:R16:C4:P19:PANEL19:EXACT64:LANE1744:INDEX289,2,table,1.123912333333e-3
SAMPLE,CAL,C13,D3:M31:K19:N33:R16:C4:P19:PANEL19:EXACT64:LANE1744:INDEX289,2,dense,5.438510000000e-3
SAMPLE,CAL,C13,D3:M31:K19:N33:R16:C4:P19:PANEL19:EXACT64:LANE1744:INDEX289,3,table,1.134021333333e-3
SAMPLE,CAL,C13,D3:M31:K19:N33:R16:C4:P19:PANEL19:EXACT64:LANE1744:INDEX289,3,dense,5.428161000000e-3
SAMPLE,CAL,C13,D3:M31:K19:N33:R16:C4:P19:PANEL19:EXACT64:LANE1744:INDEX289,4,table,1.118331666667e-3
SAMPLE,CAL,C13,D3:M31:K19:N33:R16:C4:P19:PANEL19:EXACT64:LANE1744:INDEX289,4,dense,5.429063000000e-3
SAMPLE,CAL,C13,D3:M31:K19:N33:R16:C4:P19:PANEL19:EXACT64:LANE1744:INDEX289,5,table,1.121901666667e-3
SAMPLE,CAL,C13,D3:M31:K19:N33:R16:C4:P19:PANEL19:EXACT64:LANE1744:INDEX289,5,dense,5.411550000000e-3
SAMPLE,CAL,C13,D3:M31:K19:N33:R16:C4:P19:PANEL19:EXACT64:LANE1744:INDEX289,6,table,1.217533666667e-3
SAMPLE,CAL,C13,D3:M31:K19:N33:R16:C4:P19:PANEL19:EXACT64:LANE1744:INDEX289,6,dense,7.659591000000e-3
SAMPLE,CAL,C13,D3:M31:K19:N33:R16:C4:P19:PANEL19:EXACT64:LANE1744:INDEX289,7,table,1.537249333333e-3
SAMPLE,CAL,C13,D3:M31:K19:N33:R16:C4:P19:PANEL19:EXACT64:LANE1744:INDEX289,7,dense,7.904448000000e-3
SAMPLE,CAL,C13,D3:M31:K19:N33:R16:C4:P19:PANEL19:EXACT64:LANE1744:INDEX289,8,table,1.129586333333e-3
SAMPLE,CAL,C13,D3:M31:K19:N33:R16:C4:P19:PANEL19:EXACT64:LANE1744:INDEX289,8,dense,5.451615000000e-3
CAL,C14,3,31,19,33,table,1.376758852e-3,2.079374205e-4,5.713762111e-3,4.254903663e-4,2.391471254e-1,1.712323529e-2,0.0008805585422725809,0.00452240147425759,0,0,0,0,0,0,0,3135,0,855,0,0,0,224,0,45,14725,19437,14725,37297,66,3,1,4611685468671590400
SAMPLE,CAL,C14,D3:M31:K19:N33:R16:C4:P19:PANEL19:EXACT64:LANE1744:INDEX0,0,table,1.240242333333e-3
SAMPLE,CAL,C14,D3:M31:K19:N33:R16:C4:P19:PANEL19:EXACT64:LANE1744:INDEX0,0,dense,5.504893000000e-3
SAMPLE,CAL,C14,D3:M31:K19:N33:R16:C4:P19:PANEL19:EXACT64:LANE1744:INDEX0,1,table,1.240813333333e-3
SAMPLE,CAL,C14,D3:M31:K19:N33:R16:C4:P19:PANEL19:EXACT64:LANE1744:INDEX0,1,dense,5.407672000000e-3
SAMPLE,CAL,C14,D3:M31:K19:N33:R16:C4:P19:PANEL19:EXACT64:LANE1744:INDEX0,2,table,1.235427000000e-3
SAMPLE,CAL,C14,D3:M31:K19:N33:R16:C4:P19:PANEL19:EXACT64:LANE1744:INDEX0,2,dense,5.423402000000e-3
SAMPLE,CAL,C14,D3:M31:K19:N33:R16:C4:P19:PANEL19:EXACT64:LANE1744:INDEX0,3,table,1.235790666667e-3
SAMPLE,CAL,C14,D3:M31:K19:N33:R16:C4:P19:PANEL19:EXACT64:LANE1744:INDEX0,3,dense,5.405840000000e-3
SAMPLE,CAL,C14,D3:M31:K19:N33:R16:C4:P19:PANEL19:EXACT64:LANE1744:INDEX0,4,table,1.272793333333e-3
SAMPLE,CAL,C14,D3:M31:K19:N33:R16:C4:P19:PANEL19:EXACT64:LANE1744:INDEX0,4,dense,5.433651000000e-3
SAMPLE,CAL,C14,D3:M31:K19:N33:R16:C4:P19:PANEL19:EXACT64:LANE1744:INDEX0,5,table,1.823196000000e-3
SAMPLE,CAL,C14,D3:M31:K19:N33:R16:C4:P19:PANEL19:EXACT64:LANE1744:INDEX0,5,dense,6.453192000000e-3
SAMPLE,CAL,C14,D3:M31:K19:N33:R16:C4:P19:PANEL19:EXACT64:LANE1744:INDEX0,6,table,1.882096000000e-3
SAMPLE,CAL,C14,D3:M31:K19:N33:R16:C4:P19:PANEL19:EXACT64:LANE1744:INDEX0,6,dense,6.886400000000e-3
SAMPLE,CAL,C14,D3:M31:K19:N33:R16:C4:P19:PANEL19:EXACT64:LANE1744:INDEX0,7,table,1.235243000000e-3
SAMPLE,CAL,C14,D3:M31:K19:N33:R16:C4:P19:PANEL19:EXACT64:LANE1744:INDEX0,7,dense,5.454339000000e-3
SAMPLE,CAL,C14,D3:M31:K19:N33:R16:C4:P19:PANEL19:EXACT64:LANE1744:INDEX0,8,table,1.225228000000e-3
SAMPLE,CAL,C14,D3:M31:K19:N33:R16:C4:P19:PANEL19:EXACT64:LANE1744:INDEX0,8,dense,5.454470000000e-3
CAL,C15,5,8,33,64,table,8.025350949e-5,1.071114075e-5,3.424017222e-3,3.807354128e-4,2.337735227e-2,6.652420240e-4,0.0002864336118289453,0.003506223098876179,3,61,1024,2112,0,198,0,0,0,0,0,0,0,0,0,4,1072,1584,1072,2656,1024,41,1,281474943156225
SAMPLE,CAL,C15,D5:M8:K33:N64:R8:C16:P33:PANEL21:EXACT128:LANE2624:INDEX320,0,table,7.463329268293e-5
SAMPLE,CAL,C15,D5:M8:K33:N64:R8:C16:P33:PANEL21:EXACT128:LANE2624:INDEX320,0,dense,3.255349000000e-3
SAMPLE,CAL,C15,D5:M8:K33:N64:R8:C16:P33:PANEL21:EXACT128:LANE2624:INDEX320,1,table,7.412968292683e-5
SAMPLE,CAL,C15,D5:M8:K33:N64:R8:C16:P33:PANEL21:EXACT128:LANE2624:INDEX320,1,dense,3.254539000000e-3
SAMPLE,CAL,C15,D5:M8:K33:N64:R8:C16:P33:PANEL21:EXACT128:LANE2624:INDEX320,2,table,7.402534146341e-5
SAMPLE,CAL,C15,D5:M8:K33:N64:R8:C16:P33:PANEL21:EXACT128:LANE2624:INDEX320,2,dense,3.245290000000e-3
SAMPLE,CAL,C15,D5:M8:K33:N64:R8:C16:P33:PANEL21:EXACT128:LANE2624:INDEX320,3,table,7.473129268293e-5
SAMPLE,CAL,C15,D5:M8:K33:N64:R8:C16:P33:PANEL21:EXACT128:LANE2624:INDEX320,3,dense,3.270357000000e-3
SAMPLE,CAL,C15,D5:M8:K33:N64:R8:C16:P33:PANEL21:EXACT128:LANE2624:INDEX320,4,table,7.408495121951e-5
SAMPLE,CAL,C15,D5:M8:K33:N64:R8:C16:P33:PANEL21:EXACT128:LANE2624:INDEX320,4,dense,3.261070000000e-3
SAMPLE,CAL,C15,D5:M8:K33:N64:R8:C16:P33:PANEL21:EXACT128:LANE2624:INDEX320,5,table,7.444612195122e-5
SAMPLE,CAL,C15,D5:M8:K33:N64:R8:C16:P33:PANEL21:EXACT128:LANE2624:INDEX320,5,dense,3.249158000000e-3
SAMPLE,CAL,C15,D5:M8:K33:N64:R8:C16:P33:PANEL21:EXACT128:LANE2624:INDEX320,6,table,7.735473170732e-5
SAMPLE,CAL,C15,D5:M8:K33:N64:R8:C16:P33:PANEL21:EXACT128:LANE2624:INDEX320,6,dense,3.242726000000e-3
SAMPLE,CAL,C15,D5:M8:K33:N64:R8:C16:P33:PANEL21:EXACT128:LANE2624:INDEX320,7,table,8.213558536585e-5
SAMPLE,CAL,C15,D5:M8:K33:N64:R8:C16:P33:PANEL21:EXACT128:LANE2624:INDEX320,7,dense,3.293440000000e-3
SAMPLE,CAL,C15,D5:M8:K33:N64:R8:C16:P33:PANEL21:EXACT128:LANE2624:INDEX320,8,table,1.167405853659e-4
SAMPLE,CAL,C15,D5:M8:K33:N64:R8:C16:P33:PANEL21:EXACT128:LANE2624:INDEX320,8,dense,4.744226000000e-3
CAL,C16,5,8,33,64,table,3.771482393e-4,6.547613346e-5,4.998136556e-3,7.560764805e-4,7.614019707e-2,1.016354144e-2,0.0002864336118289453,0.003506223098876179,0,0,0,0,0,0,0,0,0,0,0,0,0,0,0,4,5280,16896,5280,22176,1024,13,1,281474943156225
SAMPLE,CAL,C16,D5:M8:K33:N64:R8:C16:P33:PANEL21:EXACT128:LANE2624:INDEX0,0,table,3.917434615385e-4
SAMPLE,CAL,C16,D5:M8:K33:N64:R8:C16:P33:PANEL21:EXACT128:LANE2624:INDEX0,0,dense,6.144526000000e-3
SAMPLE,CAL,C16,D5:M8:K33:N64:R8:C16:P33:PANEL21:EXACT128:LANE2624:INDEX0,1,table,4.313602307692e-4
SAMPLE,CAL,C16,D5:M8:K33:N64:R8:C16:P33:PANEL21:EXACT128:LANE2624:INDEX0,1,dense,5.383207000000e-3
SAMPLE,CAL,C16,D5:M8:K33:N64:R8:C16:P33:PANEL21:EXACT128:LANE2624:INDEX0,2,table,3.973123076923e-4
SAMPLE,CAL,C16,D5:M8:K33:N64:R8:C16:P33:PANEL21:EXACT128:LANE2624:INDEX0,2,dense,5.390961000000e-3
SAMPLE,CAL,C16,D5:M8:K33:N64:R8:C16:P33:PANEL21:EXACT128:LANE2624:INDEX0,3,table,5.272972307692e-4
SAMPLE,CAL,C16,D5:M8:K33:N64:R8:C16:P33:PANEL21:EXACT128:LANE2624:INDEX0,3,dense,5.729824000000e-3
SAMPLE,CAL,C16,D5:M8:K33:N64:R8:C16:P33:PANEL21:EXACT128:LANE2624:INDEX0,4,table,2.711000769231e-4
SAMPLE,CAL,C16,D5:M8:K33:N64:R8:C16:P33:PANEL21:EXACT128:LANE2624:INDEX0,4,dense,5.037573000000e-3
SAMPLE,CAL,C16,D5:M8:K33:N64:R8:C16:P33:PANEL21:EXACT128:LANE2624:INDEX0,5,table,4.064054615385e-4
SAMPLE,CAL,C16,D5:M8:K33:N64:R8:C16:P33:PANEL21:EXACT128:LANE2624:INDEX0,5,dense,5.845476000000e-3
SAMPLE,CAL,C16,D5:M8:K33:N64:R8:C16:P33:PANEL21:EXACT128:LANE2624:INDEX0,6,table,2.375306153846e-4
SAMPLE,CAL,C16,D5:M8:K33:N64:R8:C16:P33:PANEL21:EXACT128:LANE2624:INDEX0,6,dense,3.250160000000e-3
SAMPLE,CAL,C16,D5:M8:K33:N64:R8:C16:P33:PANEL21:EXACT128:LANE2624:INDEX0,7,table,3.590710000000e-4
SAMPLE,CAL,C16,D5:M8:K33:N64:R8:C16:P33:PANEL21:EXACT128:LANE2624:INDEX0,7,dense,3.782693000000e-3
SAMPLE,CAL,C16,D5:M8:K33:N64:R8:C16:P33:PANEL21:EXACT128:LANE2624:INDEX0,8,table,3.725137692308e-4
SAMPLE,CAL,C16,D5:M8:K33:N64:R8:C16:P33:PANEL21:EXACT128:LANE2624:INDEX0,8,dense,4.418809000000e-3
CAL,C17,16,3,127,9,table,3.613505741e-4,1.513062619e-5,7.327698333e-4,7.375295855e-5,4.966886570e-1,2.414971771e-2,0.0003624873614178921,0.0006249454779176997,9,0,144,1143,0,2286,0,2286,0,254,0,0,0,75,0,2,3051,3429,3051,8766,108,6,4,4611685468671590400
SAMPLE,CAL,C17,D16:M3:K127:N9:R2:C9:P127:PANEL32:EXACT18:LANE4082:INDEX73,0,table,3.563643333333e-4
SAMPLE,CAL,C17,D16:M3:K127:N9:R2:C9:P127:PANEL32:EXACT18:LANE4082:INDEX73,0,dense,6.881530000000e-4
SAMPLE,CAL,C17,D16:M3:K127:N9:R2:C9:P127:PANEL32:EXACT18:LANE4082:INDEX73,1,table,3.530048333333e-4
SAMPLE,CAL,C17,D16:M3:K127:N9:R2:C9:P127:PANEL32:EXACT18:LANE4082:INDEX73,1,dense,6.943170000000e-4
SAMPLE,CAL,C17,D16:M3:K127:N9:R2:C9:P127:PANEL32:EXACT18:LANE4082:INDEX73,2,table,3.597756666667e-4
SAMPLE,CAL,C17,D16:M3:K127:N9:R2:C9:P127:PANEL32:EXACT18:LANE4082:INDEX73,2,dense,7.515237500000e-4
SAMPLE,CAL,C17,D16:M3:K127:N9:R2:C9:P127:PANEL32:EXACT18:LANE4082:INDEX73,3,table,3.547363333333e-4
SAMPLE,CAL,C17,D16:M3:K127:N9:R2:C9:P127:PANEL32:EXACT18:LANE4082:INDEX73,3,dense,7.173500000000e-4
SAMPLE,CAL,C17,D16:M3:K127:N9:R2:C9:P127:PANEL32:EXACT18:LANE4082:INDEX73,4,table,4.130668333333e-4
SAMPLE,CAL,C17,D16:M3:K127:N9:R2:C9:P127:PANEL32:EXACT18:LANE4082:INDEX73,4,dense,9.824917500000e-4
SAMPLE,CAL,C17,D16:M3:K127:N9:R2:C9:P127:PANEL32:EXACT18:LANE4082:INDEX73,5,table,3.602633333333e-4
SAMPLE,CAL,C17,D16:M3:K127:N9:R2:C9:P127:PANEL32:EXACT18:LANE4082:INDEX73,5,dense,6.883660000000e-4
SAMPLE,CAL,C17,D16:M3:K127:N9:R2:C9:P127:PANEL32:EXACT18:LANE4082:INDEX73,6,table,3.517425000000e-4
SAMPLE,CAL,C17,D16:M3:K127:N9:R2:C9:P127:PANEL32:EXACT18:LANE4082:INDEX73,6,dense,6.903472500000e-4
SAMPLE,CAL,C17,D16:M3:K127:N9:R2:C9:P127:PANEL32:EXACT18:LANE4082:INDEX73,7,table,3.522385000000e-4
SAMPLE,CAL,C17,D16:M3:K127:N9:R2:C9:P127:PANEL32:EXACT18:LANE4082:INDEX73,7,dense,6.905650000000e-4
SAMPLE,CAL,C17,D16:M3:K127:N9:R2:C9:P127:PANEL32:EXACT18:LANE4082:INDEX73,8,table,3.509628333333e-4
SAMPLE,CAL,C17,D16:M3:K127:N9:R2:C9:P127:PANEL32:EXACT18:LANE4082:INDEX73,8,dense,6.918147500000e-4
CAL,C18,16,3,127,9,table,2.812499722e-4,5.033945907e-5,3.439117475e-4,6.060840947e-5,8.239814593e-1,1.019270546e-1,0.0003624873614178921,0.0006249454779176997,9,0,144,1143,0,2286,0,4572,2286,0,254,0,254,0,254,0,3051,3429,505,7236,9,12,11,8935141660703064064
SAMPLE,CAL,C18,D16:M3:K127:N9:R2:C9:P127:PANEL413:EXACT18:LANE4082:INDEX73,0,table,2.387393333333e-4
SAMPLE,CAL,C18,D16:M3:K127:N9:R2:C9:P127:PANEL413:EXACT18:LANE4082:INDEX73,0,dense,3.006232727273e-4
SAMPLE,CAL,C18,D16:M3:K127:N9:R2:C9:P127:PANEL413:EXACT18:LANE4082:INDEX73,1,table,2.361770000000e-4
SAMPLE,CAL,C18,D16:M3:K127:N9:R2:C9:P127:PANEL413:EXACT18:LANE4082:INDEX73,1,dense,2.973025454545e-4
SAMPLE,CAL,C18,D16:M3:K127:N9:R2:C9:P127:PANEL413:EXACT18:LANE4082:INDEX73,2,table,2.351543333333e-4
SAMPLE,CAL,C18,D16:M3:K127:N9:R2:C9:P127:PANEL413:EXACT18:LANE4082:INDEX73,2,dense,2.975083636364e-4
SAMPLE,CAL,C18,D16:M3:K127:N9:R2:C9:P127:PANEL413:EXACT18:LANE4082:INDEX73,3,table,3.484521666667e-4
SAMPLE,CAL,C18,D16:M3:K127:N9:R2:C9:P127:PANEL413:EXACT18:LANE4082:INDEX73,3,dense,2.972341818182e-4
SAMPLE,CAL,C18,D16:M3:K127:N9:R2:C9:P127:PANEL413:EXACT18:LANE4082:INDEX73,4,table,2.466632500000e-4
SAMPLE,CAL,C18,D16:M3:K127:N9:R2:C9:P127:PANEL413:EXACT18:LANE4082:INDEX73,4,dense,3.396505454545e-4
SAMPLE,CAL,C18,D16:M3:K127:N9:R2:C9:P127:PANEL413:EXACT18:LANE4082:INDEX73,5,table,3.709800833333e-4
SAMPLE,CAL,C18,D16:M3:K127:N9:R2:C9:P127:PANEL413:EXACT18:LANE4082:INDEX73,5,dense,4.842010000000e-4
SAMPLE,CAL,C18,D16:M3:K127:N9:R2:C9:P127:PANEL413:EXACT18:LANE4082:INDEX73,6,table,3.834759166667e-4
SAMPLE,CAL,C18,D16:M3:K127:N9:R2:C9:P127:PANEL413:EXACT18:LANE4082:INDEX73,6,dense,4.776642727273e-4
SAMPLE,CAL,C18,D16:M3:K127:N9:R2:C9:P127:PANEL413:EXACT18:LANE4082:INDEX73,7,table,2.369075833333e-4
SAMPLE,CAL,C18,D16:M3:K127:N9:R2:C9:P127:PANEL413:EXACT18:LANE4082:INDEX73,7,dense,3.015577272727e-4
SAMPLE,CAL,C18,D16:M3:K127:N9:R2:C9:P127:PANEL413:EXACT18:LANE4082:INDEX73,8,table,2.347000833333e-4
SAMPLE,CAL,C18,D16:M3:K127:N9:R2:C9:P127:PANEL413:EXACT18:LANE4082:INDEX73,8,dense,2.994638181818e-4
CAL,C19,256,1,4096,4,dense,8.285198056e-4,2.087598643e-4,3.894906556e-3,1.913164114e-3,2.304114230e-1,2.403577450e-2,0.00350501244492207,0.0028452189044224484,4,0,64,9,1,16384,0,0,0,0,0,0,0,0,0,1,16383,16384,16383,32767,64,4,1,281474943156225
SAMPLE,CAL,C19,D256:M1:K4096:N4:R1:C4:P128:PANEL272:EXACT4:LANE32772:INDEX20,0,table,7.336880000000e-4
SAMPLE,CAL,C19,D256:M1:K4096:N4:R1:C4:P128:PANEL272:EXACT4:LANE32772:INDEX20,0,dense,3.137320000000e-3
SAMPLE,CAL,C19,D256:M1:K4096:N4:R1:C4:P128:PANEL272:EXACT4:LANE32772:INDEX20,1,table,7.371370000000e-4
SAMPLE,CAL,C19,D256:M1:K4096:N4:R1:C4:P128:PANEL272:EXACT4:LANE32772:INDEX20,1,dense,3.051269000000e-3
SAMPLE,CAL,C19,D256:M1:K4096:N4:R1:C4:P128:PANEL272:EXACT4:LANE32772:INDEX20,2,table,7.481525000000e-4
SAMPLE,CAL,C19,D256:M1:K4096:N4:R1:C4:P128:PANEL272:EXACT4:LANE32772:INDEX20,2,dense,3.058082000000e-3
SAMPLE,CAL,C19,D256:M1:K4096:N4:R1:C4:P128:PANEL272:EXACT4:LANE32772:INDEX20,3,table,7.337930000000e-4
SAMPLE,CAL,C19,D256:M1:K4096:N4:R1:C4:P128:PANEL272:EXACT4:LANE32772:INDEX20,3,dense,3.050277000000e-3
SAMPLE,CAL,C19,D256:M1:K4096:N4:R1:C4:P128:PANEL272:EXACT4:LANE32772:INDEX20,4,table,7.398170000000e-4
SAMPLE,CAL,C19,D256:M1:K4096:N4:R1:C4:P128:PANEL272:EXACT4:LANE32772:INDEX20,4,dense,3.076246000000e-3
SAMPLE,CAL,C19,D256:M1:K4096:N4:R1:C4:P128:PANEL272:EXACT4:LANE32772:INDEX20,5,table,7.436240000000e-4
SAMPLE,CAL,C19,D256:M1:K4096:N4:R1:C4:P128:PANEL272:EXACT4:LANE32772:INDEX20,5,dense,3.050167000000e-3
SAMPLE,CAL,C19,D256:M1:K4096:N4:R1:C4:P128:PANEL272:EXACT4:LANE32772:INDEX20,6,table,7.333625000000e-4
SAMPLE,CAL,C19,D256:M1:K4096:N4:R1:C4:P128:PANEL272:EXACT4:LANE32772:INDEX20,6,dense,3.059304000000e-3
SAMPLE,CAL,C19,D256:M1:K4096:N4:R1:C4:P128:PANEL272:EXACT4:LANE32772:INDEX20,7,table,7.344820000000e-4
SAMPLE,CAL,C19,D256:M1:K4096:N4:R1:C4:P128:PANEL272:EXACT4:LANE32772:INDEX20,7,dense,3.039878000000e-3
SAMPLE,CAL,C19,D256:M1:K4096:N4:R1:C4:P128:PANEL272:EXACT4:LANE32772:INDEX20,8,table,1.552622250000e-3
SAMPLE,CAL,C19,D256:M1:K4096:N4:R1:C4:P128:PANEL272:EXACT4:LANE32772:INDEX20,8,dense,1.053161600000e-2
CAL,C20,256,1,4096,4,dense,2.735232500e-3,3.634405245e-4,3.562858444e-3,4.258410956e-4,7.704270871e-1,6.417634693e-2,0.003514803326275633,0.0028452189044224484,4,0,64,9,1,16384,0,16384,0,8192,0,0,0,2184,0,2,16384,16384,16384,49152,64,2,1,4611685468671590400
SAMPLE,CAL,C20,D256:M1:K4096:N4:R1:C2:P128:PANEL272:EXACT2:LANE32772:INDEX20,0,table,2.476838000000e-3
SAMPLE,CAL,C20,D256:M1:K4096:N4:R1:C2:P128:PANEL272:EXACT2:LANE32772:INDEX20,0,dense,3.286227000000e-3
SAMPLE,CAL,C20,D256:M1:K4096:N4:R1:C2:P128:PANEL272:EXACT2:LANE32772:INDEX20,1,table,2.460858500000e-3
SAMPLE,CAL,C20,D256:M1:K4096:N4:R1:C2:P128:PANEL272:EXACT2:LANE32772:INDEX20,1,dense,3.299031000000e-3
SAMPLE,CAL,C20,D256:M1:K4096:N4:R1:C2:P128:PANEL272:EXACT2:LANE32772:INDEX20,2,table,2.435275500000e-3
SAMPLE,CAL,C20,D256:M1:K4096:N4:R1:C2:P128:PANEL272:EXACT2:LANE32772:INDEX20,2,dense,3.276369000000e-3
SAMPLE,CAL,C20,D256:M1:K4096:N4:R1:C2:P128:PANEL272:EXACT2:LANE32772:INDEX20,3,table,2.443280500000e-3
SAMPLE,CAL,C20,D256:M1:K4096:N4:R1:C2:P128:PANEL272:EXACT2:LANE32772:INDEX20,3,dense,3.306135000000e-3
SAMPLE,CAL,C20,D256:M1:K4096:N4:R1:C2:P128:PANEL272:EXACT2:LANE32772:INDEX20,4,table,2.456169500000e-3
SAMPLE,CAL,C20,D256:M1:K4096:N4:R1:C2:P128:PANEL272:EXACT2:LANE32772:INDEX20,4,dense,3.279484000000e-3
SAMPLE,CAL,C20,D256:M1:K4096:N4:R1:C2:P128:PANEL272:EXACT2:LANE32772:INDEX20,5,table,2.703735000000e-3
SAMPLE,CAL,C20,D256:M1:K4096:N4:R1:C2:P128:PANEL272:EXACT2:LANE32772:INDEX20,5,dense,3.264407000000e-3
SAMPLE,CAL,C20,D256:M1:K4096:N4:R1:C2:P128:PANEL272:EXACT2:LANE32772:INDEX20,6,table,2.755287500000e-3
SAMPLE,CAL,C20,D256:M1:K4096:N4:R1:C2:P128:PANEL272:EXACT2:LANE32772:INDEX20,6,dense,4.460366000000e-3
SAMPLE,CAL,C20,D256:M1:K4096:N4:R1:C2:P128:PANEL272:EXACT2:LANE32772:INDEX20,7,table,3.884728000000e-3
SAMPLE,CAL,C20,D256:M1:K4096:N4:R1:C2:P128:PANEL272:EXACT2:LANE32772:INDEX20,7,dense,4.614463000000e-3
SAMPLE,CAL,C20,D256:M1:K4096:N4:R1:C2:P128:PANEL272:EXACT2:LANE32772:INDEX20,8,table,3.000920000000e-3
SAMPLE,CAL,C20,D256:M1:K4096:N4:R1:C2:P128:PANEL272:EXACT2:LANE32772:INDEX20,8,dense,3.279244000000e-3
CAL,C21,3,16,256,1,dense,4.387255278e-4,6.844839463e-5,8.014875111e-4,1.482243165e-4,5.504092445e-1,1.481494769e-2,0.001475720895884963,0.0007282013375855194,1,0,16,256,1,256,0,512,256,0,256,256,0,0,256,0,4096,4096,4096,8704,224,8,5,8935141660703064064
SAMPLE,CAL,C21,D3:M16:K256:N1:R16:C1:P256:PANEL19:EXACT16:LANE16400:INDEX5,0,table,4.320781250000e-4
SAMPLE,CAL,C21,D3:M16:K256:N1:R16:C1:P256:PANEL19:EXACT16:LANE16400:INDEX5,0,dense,7.348722000000e-4
SAMPLE,CAL,C21,D3:M16:K256:N1:R16:C1:P256:PANEL19:EXACT16:LANE16400:INDEX5,1,table,4.085567500000e-4
SAMPLE,CAL,C21,D3:M16:K256:N1:R16:C1:P256:PANEL19:EXACT16:LANE16400:INDEX5,1,dense,7.332010000000e-4
SAMPLE,CAL,C21,D3:M16:K256:N1:R16:C1:P256:PANEL19:EXACT16:LANE16400:INDEX5,2,table,4.032068750000e-4
SAMPLE,CAL,C21,D3:M16:K256:N1:R16:C1:P256:PANEL19:EXACT16:LANE16400:INDEX5,2,dense,7.434262000000e-4
SAMPLE,CAL,C21,D3:M16:K256:N1:R16:C1:P256:PANEL19:EXACT16:LANE16400:INDEX5,3,table,4.061797500000e-4
SAMPLE,CAL,C21,D3:M16:K256:N1:R16:C1:P256:PANEL19:EXACT16:LANE16400:INDEX5,3,dense,7.347400000000e-4
SAMPLE,CAL,C21,D3:M16:K256:N1:R16:C1:P256:PANEL19:EXACT16:LANE16400:INDEX5,4,table,4.035312500000e-4
SAMPLE,CAL,C21,D3:M16:K256:N1:R16:C1:P256:PANEL19:EXACT16:LANE16400:INDEX5,4,dense,7.390200000000e-4
SAMPLE,CAL,C21,D3:M16:K256:N1:R16:C1:P256:PANEL19:EXACT16:LANE16400:INDEX5,5,table,4.102072500000e-4
SAMPLE,CAL,C21,D3:M16:K256:N1:R16:C1:P256:PANEL19:EXACT16:LANE16400:INDEX5,5,dense,7.383226000000e-4
SAMPLE,CAL,C21,D3:M16:K256:N1:R16:C1:P256:PANEL19:EXACT16:LANE16400:INDEX5,6,table,4.061097500000e-4
SAMPLE,CAL,C21,D3:M16:K256:N1:R16:C1:P256:PANEL19:EXACT16:LANE16400:INDEX5,6,dense,7.394608000000e-4
SAMPLE,CAL,C21,D3:M16:K256:N1:R16:C1:P256:PANEL19:EXACT16:LANE16400:INDEX5,7,table,4.036777500000e-4
SAMPLE,CAL,C21,D3:M16:K256:N1:R16:C1:P256:PANEL19:EXACT16:LANE16400:INDEX5,7,dense,7.347078000000e-4
SAMPLE,CAL,C21,D3:M16:K256:N1:R16:C1:P256:PANEL19:EXACT16:LANE16400:INDEX5,8,table,6.749822500000e-4
SAMPLE,CAL,C21,D3:M16:K256:N1:R16:C1:P256:PANEL19:EXACT16:LANE16400:INDEX5,8,dense,1.315637000000e-3
CAL,C22,5,33,2,7,table,2.988405717e-5,4.703065518e-6,2.230563730e-4,7.108328603e-6,1.341550060e-1,2.139998244e-2,0.00014803569249881112,0.0003278567163189514,1,6,14,14,0,18,0,0,0,0,0,0,0,0,0,9,198,198,198,396,21,103,14,281474943156225
SAMPLE,CAL,C22,D5:M33:K2:N7:R16:C3:P2:PANEL87:EXACT48:LANE368:INDEX39,0,table,2.677555339806e-5
SAMPLE,CAL,C22,D5:M33:K2:N7:R16:C3:P2:PANEL87:EXACT48:LANE368:INDEX39,0,dense,2.034057142857e-4
SAMPLE,CAL,C22,D5:M33:K2:N7:R16:C3:P2:PANEL87:EXACT48:LANE368:INDEX39,1,table,2.799598058252e-5
SAMPLE,CAL,C22,D5:M33:K2:N7:R16:C3:P2:PANEL87:EXACT48:LANE368:INDEX39,1,dense,2.241472142857e-4
SAMPLE,CAL,C22,D5:M33:K2:N7:R16:C3:P2:PANEL87:EXACT48:LANE368:INDEX39,2,table,2.807603883495e-5
SAMPLE,CAL,C22,D5:M33:K2:N7:R16:C3:P2:PANEL87:EXACT48:LANE368:INDEX39,2,dense,2.244763571429e-4
SAMPLE,CAL,C22,D5:M33:K2:N7:R16:C3:P2:PANEL87:EXACT48:LANE368:INDEX39,3,table,2.853183495146e-5
SAMPLE,CAL,C22,D5:M33:K2:N7:R16:C3:P2:PANEL87:EXACT48:LANE368:INDEX39,3,dense,2.241329285714e-4
SAMPLE,CAL,C22,D5:M33:K2:N7:R16:C3:P2:PANEL87:EXACT48:LANE368:INDEX39,4,table,2.776896116505e-5
SAMPLE,CAL,C22,D5:M33:K2:N7:R16:C3:P2:PANEL87:EXACT48:LANE368:INDEX39,4,dense,2.193475714286e-4
SAMPLE,CAL,C22,D5:M33:K2:N7:R16:C3:P2:PANEL87:EXACT48:LANE368:INDEX39,5,table,2.801203883495e-5
SAMPLE,CAL,C22,D5:M33:K2:N7:R16:C3:P2:PANEL87:EXACT48:LANE368:INDEX39,5,dense,2.267900000000e-4
SAMPLE,CAL,C22,D5:M33:K2:N7:R16:C3:P2:PANEL87:EXACT48:LANE368:INDEX39,6,table,4.613601941748e-5
SAMPLE,CAL,C22,D5:M33:K2:N7:R16:C3:P2:PANEL87:EXACT48:LANE368:INDEX39,6,dense,2.225499285714e-4
SAMPLE,CAL,C22,D5:M33:K2:N7:R16:C3:P2:PANEL87:EXACT48:LANE368:INDEX39,7,table,2.727454368932e-5
SAMPLE,CAL,C22,D5:M33:K2:N7:R16:C3:P2:PANEL87:EXACT48:LANE368:INDEX39,7,dense,2.393541428571e-4
SAMPLE,CAL,C22,D5:M33:K2:N7:R16:C3:P2:PANEL87:EXACT48:LANE368:INDEX39,8,table,2.838554368932e-5
SAMPLE,CAL,C22,D5:M33:K2:N7:R16:C3:P2:PANEL87:EXACT48:LANE368:INDEX39,8,dense,2.233035000000e-4
CAL,C23,16,2,31,129,table,9.267081893e-5,1.821251179e-5,2.930322667e-3,5.201089338e-4,3.192434751e-2,4.565252653e-3,0.0003696806929296447,0.0016773419142687613,18,111,2064,3999,0,1054,0,0,0,0,0,0,0,0,0,3,1060,2108,1060,3168,129,27,1,281474943156225
SAMPLE,CAL,C23,D16:M2:K31:N129:R2:C64:P31:PANEL32:EXACT128:LANE1250:INDEX1153,0,table,1.116162592593e-4
SAMPLE,CAL,C23,D16:M2:K31:N129:R2:C64:P31:PANEL32:EXACT128:LANE1250:INDEX1153,0,dense,3.532286000000e-3
SAMPLE,CAL,C23,D16:M2:K31:N129:R2:C64:P31:PANEL32:EXACT128:LANE1250:INDEX1153,1,table,8.015574074074e-5
SAMPLE,CAL,C23,D16:M2:K31:N129:R2:C64:P31:PANEL32:EXACT128:LANE1250:INDEX1153,1,dense,3.403246000000e-3
SAMPLE,CAL,C23,D16:M2:K31:N129:R2:C64:P31:PANEL32:EXACT128:LANE1250:INDEX1153,2,table,1.049809259259e-4
SAMPLE,CAL,C23,D16:M2:K31:N129:R2:C64:P31:PANEL32:EXACT128:LANE1250:INDEX1153,2,dense,2.311220000000e-3
SAMPLE,CAL,C23,D16:M2:K31:N129:R2:C64:P31:PANEL32:EXACT128:LANE1250:INDEX1153,3,table,7.221133333333e-5
SAMPLE,CAL,C23,D16:M2:K31:N129:R2:C64:P31:PANEL32:EXACT128:LANE1250:INDEX1153,3,dense,2.345416000000e-3
SAMPLE,CAL,C23,D16:M2:K31:N129:R2:C64:P31:PANEL32:EXACT128:LANE1250:INDEX1153,4,table,7.140351851852e-5
SAMPLE,CAL,C23,D16:M2:K31:N129:R2:C64:P31:PANEL32:EXACT128:LANE1250:INDEX1153,4,dense,2.287295000000e-3
SAMPLE,CAL,C23,D16:M2:K31:N129:R2:C64:P31:PANEL32:EXACT128:LANE1250:INDEX1153,5,table,7.135081481481e-5
SAMPLE,CAL,C23,D16:M2:K31:N129:R2:C64:P31:PANEL32:EXACT128:LANE1250:INDEX1153,5,dense,2.273699000000e-3
SAMPLE,CAL,C23,D16:M2:K31:N129:R2:C64:P31:PANEL32:EXACT128:LANE1250:INDEX1153,6,table,7.238459259259e-5
SAMPLE,CAL,C23,D16:M2:K31:N129:R2:C64:P31:PANEL32:EXACT128:LANE1250:INDEX1153,6,dense,2.670446000000e-3
SAMPLE,CAL,C23,D16:M2:K31:N129:R2:C64:P31:PANEL32:EXACT128:LANE1250:INDEX1153,7,table,1.256513333333e-4
SAMPLE,CAL,C23,D16:M2:K31:N129:R2:C64:P31:PANEL32:EXACT128:LANE1250:INDEX1153,7,dense,3.693006000000e-3
SAMPLE,CAL,C23,D16:M2:K31:N129:R2:C64:P31:PANEL32:EXACT128:LANE1250:INDEX1153,8,table,1.242828518519e-4
SAMPLE,CAL,C23,D16:M2:K31:N129:R2:C64:P31:PANEL32:EXACT128:LANE1250:INDEX1153,8,dense,3.856290000000e-3
CAL,C24,16,2,31,129,table,1.922933188e-4,3.336223609e-5,4.041227778e-3,1.541143999e-4,4.757621791e-2,8.224437703e-3,0.0003696806929296447,0.0016773419142687613,0,0,0,0,0,0,0,0,0,0,0,0,0,0,0,3,2046,7998,2046,10044,129,23,2,281474943156225
SAMPLE,CAL,C24,D16:M2:K31:N129:R2:C64:P31:PANEL32:EXACT128:LANE1250:INDEX0,0,table,1.062524782609e-4
SAMPLE,CAL,C24,D16:M2:K31:N129:R2:C64:P31:PANEL32:EXACT128:LANE1250:INDEX0,0,dense,3.863709000000e-3
SAMPLE,CAL,C24,D16:M2:K31:N129:R2:C64:P31:PANEL32:EXACT128:LANE1250:INDEX0,1,table,1.911246086957e-4
SAMPLE,CAL,C24,D16:M2:K31:N129:R2:C64:P31:PANEL32:EXACT128:LANE1250:INDEX0,1,dense,4.115127500000e-3
SAMPLE,CAL,C24,D16:M2:K31:N129:R2:C64:P31:PANEL32:EXACT128:LANE1250:INDEX0,2,table,1.880083913043e-4
SAMPLE,CAL,C24,D16:M2:K31:N129:R2:C64:P31:PANEL32:EXACT128:LANE1250:INDEX0,2,dense,4.006445000000e-3
SAMPLE,CAL,C24,D16:M2:K31:N129:R2:C64:P31:PANEL32:EXACT128:LANE1250:INDEX0,3,table,1.919243478261e-4
SAMPLE,CAL,C24,D16:M2:K31:N129:R2:C64:P31:PANEL32:EXACT128:LANE1250:INDEX0,3,dense,4.508632500000e-3
SAMPLE,CAL,C24,D16:M2:K31:N129:R2:C64:P31:PANEL32:EXACT128:LANE1250:INDEX0,4,table,2.132715217391e-4
SAMPLE,CAL,C24,D16:M2:K31:N129:R2:C64:P31:PANEL32:EXACT128:LANE1250:INDEX0,4,dense,4.038875500000e-3
SAMPLE,CAL,C24,D16:M2:K31:N129:R2:C64:P31:PANEL32:EXACT128:LANE1250:INDEX0,5,table,1.900047391304e-4
SAMPLE,CAL,C24,D16:M2:K31:N129:R2:C64:P31:PANEL32:EXACT128:LANE1250:INDEX0,5,dense,4.017400500000e-3
SAMPLE,CAL,C24,D16:M2:K31:N129:R2:C64:P31:PANEL32:EXACT128:LANE1250:INDEX0,6,table,2.767747391304e-4
SAMPLE,CAL,C24,D16:M2:K31:N129:R2:C64:P31:PANEL32:EXACT128:LANE1250:INDEX0,6,dense,4.018547500000e-3
SAMPLE,CAL,C24,D16:M2:K31:N129:R2:C64:P31:PANEL32:EXACT128:LANE1250:INDEX0,7,table,1.859070869565e-4
SAMPLE,CAL,C24,D16:M2:K31:N129:R2:C64:P31:PANEL32:EXACT128:LANE1250:INDEX0,7,dense,4.012080500000e-3
SAMPLE,CAL,C24,D16:M2:K31:N129:R2:C64:P31:PANEL32:EXACT128:LANE1250:INDEX0,8,table,1.873719565217e-4
SAMPLE,CAL,C24,D16:M2:K31:N129:R2:C64:P31:PANEL32:EXACT128:LANE1250:INDEX0,8,dense,3.790232000000e-3
CAL,C25,256,9,8,257,table,9.944946111e-4,3.059780546e-4,5.775528556e-3,7.372489344e-4,1.677511608e-1,2.945463509e-2,0.0013971088320507842,0.005813743376904991,257,0,2056,2056,0,4112,0,0,0,0,0,0,0,0,0,10,18504,18504,18504,37008,257,4,1,281474943156225
SAMPLE,CAL,C25,D256:M9:K8:N257:R8:C64:P8:PANEL272:EXACT512:LANE18440:INDEX2305,0,table,7.937022500000e-4
SAMPLE,CAL,C25,D256:M9:K8:N257:R8:C64:P8:PANEL272:EXACT512:LANE18440:INDEX2305,0,dense,5.391953000000e-3
SAMPLE,CAL,C25,D256:M9:K8:N257:R8:C64:P8:PANEL272:EXACT512:LANE18440:INDEX2305,1,table,8.047532500000e-4
SAMPLE,CAL,C25,D256:M9:K8:N257:R8:C64:P8:PANEL272:EXACT512:LANE18440:INDEX2305,1,dense,5.341730000000e-3
SAMPLE,CAL,C25,D256:M9:K8:N257:R8:C64:P8:PANEL272:EXACT512:LANE18440:INDEX2305,2,table,7.986792500000e-4
SAMPLE,CAL,C25,D256:M9:K8:N257:R8:C64:P8:PANEL272:EXACT512:LANE18440:INDEX2305,2,dense,5.336780000000e-3
SAMPLE,CAL,C25,D256:M9:K8:N257:R8:C64:P8:PANEL272:EXACT512:LANE18440:INDEX2305,3,table,7.932942500000e-4
SAMPLE,CAL,C25,D256:M9:K8:N257:R8:C64:P8:PANEL272:EXACT512:LANE18440:INDEX2305,3,dense,5.305803000000e-3
SAMPLE,CAL,C25,D256:M9:K8:N257:R8:C64:P8:PANEL272:EXACT512:LANE18440:INDEX2305,4,table,7.902210000000e-4
SAMPLE,CAL,C25,D256:M9:K8:N257:R8:C64:P8:PANEL272:EXACT512:LANE18440:INDEX2305,4,dense,5.449992000000e-3
SAMPLE,CAL,C25,D256:M9:K8:N257:R8:C64:P8:PANEL272:EXACT512:LANE18440:INDEX2305,5,table,1.785804750000e-3
SAMPLE,CAL,C25,D256:M9:K8:N257:R8:C64:P8:PANEL272:EXACT512:LANE18440:INDEX2305,5,dense,8.146690000000e-3
SAMPLE,CAL,C25,D256:M9:K8:N257:R8:C64:P8:PANEL272:EXACT512:LANE18440:INDEX2305,6,table,1.597476000000e-3
SAMPLE,CAL,C25,D256:M9:K8:N257:R8:C64:P8:PANEL272:EXACT512:LANE18440:INDEX2305,6,dense,6.421022000000e-3
SAMPLE,CAL,C25,D256:M9:K8:N257:R8:C64:P8:PANEL272:EXACT512:LANE18440:INDEX2305,7,table,7.955057500000e-4
SAMPLE,CAL,C25,D256:M9:K8:N257:R8:C64:P8:PANEL272:EXACT512:LANE18440:INDEX2305,7,dense,5.292337000000e-3
SAMPLE,CAL,C25,D256:M9:K8:N257:R8:C64:P8:PANEL272:EXACT512:LANE18440:INDEX2305,8,table,7.910150000000e-4
SAMPLE,CAL,C25,D256:M9:K8:N257:R8:C64:P8:PANEL272:EXACT512:LANE18440:INDEX2305,8,dense,5.293450000000e-3
CAL,C26,3,4,64,257,table,5.002257143e-4,6.388652915e-5,1.444213622e-2,1.905432056e-3,3.546423218e-2,6.090490118e-3,0.0015141704601863287,0.012565219815034643,1,256,4112,16448,0,2368,0,0,0,0,0,0,0,0,0,37,9472,9472,9472,18944,4112,7,1,281474943156225
SAMPLE,CAL,C26,D3:M4:K64:N257:R4:C7:P64:PANEL19:EXACT28:LANE2052:INDEX2305,0,table,4.669548571429e-4
SAMPLE,CAL,C26,D3:M4:K64:N257:R4:C7:P64:PANEL19:EXACT28:LANE2052:INDEX2305,0,dense,1.326392100000e-2
SAMPLE,CAL,C26,D3:M4:K64:N257:R4:C7:P64:PANEL19:EXACT28:LANE2052:INDEX2305,1,table,4.693094285714e-4
SAMPLE,CAL,C26,D3:M4:K64:N257:R4:C7:P64:PANEL19:EXACT28:LANE2052:INDEX2305,1,dense,1.962020200000e-2
SAMPLE,CAL,C26,D3:M4:K64:N257:R4:C7:P64:PANEL19:EXACT28:LANE2052:INDEX2305,2,table,7.213535714286e-4
SAMPLE,CAL,C26,D3:M4:K64:N257:R4:C7:P64:PANEL19:EXACT28:LANE2052:INDEX2305,2,dense,1.389192200000e-2
SAMPLE,CAL,C26,D3:M4:K64:N257:R4:C7:P64:PANEL19:EXACT28:LANE2052:INDEX2305,3,table,4.667875714286e-4
SAMPLE,CAL,C26,D3:M4:K64:N257:R4:C7:P64:PANEL19:EXACT28:LANE2052:INDEX2305,3,dense,1.259317000000e-2
SAMPLE,CAL,C26,D3:M4:K64:N257:R4:C7:P64:PANEL19:EXACT28:LANE2052:INDEX2305,4,table,4.669762857143e-4
SAMPLE,CAL,C26,D3:M4:K64:N257:R4:C7:P64:PANEL19:EXACT28:LANE2052:INDEX2305,4,dense,1.260584400000e-2
SAMPLE,CAL,C26,D3:M4:K64:N257:R4:C7:P64:PANEL19:EXACT28:LANE2052:INDEX2305,5,table,4.832310000000e-4
SAMPLE,CAL,C26,D3:M4:K64:N257:R4:C7:P64:PANEL19:EXACT28:LANE2052:INDEX2305,5,dense,1.272068500000e-2
SAMPLE,CAL,C26,D3:M4:K64:N257:R4:C7:P64:PANEL19:EXACT28:LANE2052:INDEX2305,6,table,4.758244285714e-4
SAMPLE,CAL,C26,D3:M4:K64:N257:R4:C7:P64:PANEL19:EXACT28:LANE2052:INDEX2305,6,dense,1.627596700000e-2
SAMPLE,CAL,C26,D3:M4:K64:N257:R4:C7:P64:PANEL19:EXACT28:LANE2052:INDEX2305,7,table,4.764555714286e-4
SAMPLE,CAL,C26,D3:M4:K64:N257:R4:C7:P64:PANEL19:EXACT28:LANE2052:INDEX2305,7,dense,1.644421000000e-2
SAMPLE,CAL,C26,D3:M4:K64:N257:R4:C7:P64:PANEL19:EXACT28:LANE2052:INDEX2305,8,table,4.751387142857e-4
SAMPLE,CAL,C26,D3:M4:K64:N257:R4:C7:P64:PANEL19:EXACT28:LANE2052:INDEX2305,8,dense,1.256330500000e-2
CAL,C27,5,17,21,2,dense,2.918220117e-5,8.778183122e-8,4.830224910e-5,2.317472942e-7,6.041737712e-1,2.712541300e-3,0.00018959054099945563,0.0001620947125184288,2,0,32,6,1,84,0,166,82,2,82,10,72,2,82,0,714,714,85,1450,4,95,62,8935141660703064064
SAMPLE,CAL,C27,D5:M17:K21:N2:R16:C1:P21:PANEL21:EXACT16:LANE2720:INDEX10,0,table,2.928207368421e-5
SAMPLE,CAL,C27,D5:M17:K21:N2:R16:C1:P21:PANEL21:EXACT16:LANE2720:INDEX10,0,dense,4.822491935484e-5
SAMPLE,CAL,C27,D5:M17:K21:N2:R16:C1:P21:PANEL21:EXACT16:LANE2720:INDEX10,1,table,2.921047368421e-5
SAMPLE,CAL,C27,D5:M17:K21:N2:R16:C1:P21:PANEL21:EXACT16:LANE2720:INDEX10,1,dense,4.815543548387e-5
SAMPLE,CAL,C27,D5:M17:K21:N2:R16:C1:P21:PANEL21:EXACT16:LANE2720:INDEX10,2,table,2.911375789474e-5
SAMPLE,CAL,C27,D5:M17:K21:N2:R16:C1:P21:PANEL21:EXACT16:LANE2720:INDEX10,2,dense,4.820406451613e-5
SAMPLE,CAL,C27,D5:M17:K21:N2:R16:C1:P21:PANEL21:EXACT16:LANE2720:INDEX10,3,table,2.924895789474e-5
SAMPLE,CAL,C27,D5:M17:K21:N2:R16:C1:P21:PANEL21:EXACT16:LANE2720:INDEX10,3,dense,4.830232258065e-5
SAMPLE,CAL,C27,D5:M17:K21:N2:R16:C1:P21:PANEL21:EXACT16:LANE2720:INDEX10,4,table,2.934091578947e-5
SAMPLE,CAL,C27,D5:M17:K21:N2:R16:C1:P21:PANEL21:EXACT16:LANE2720:INDEX10,4,dense,4.868819354839e-5
SAMPLE,CAL,C27,D5:M17:K21:N2:R16:C1:P21:PANEL21:EXACT16:LANE2720:INDEX10,5,table,2.926867368421e-5
SAMPLE,CAL,C27,D5:M17:K21:N2:R16:C1:P21:PANEL21:EXACT16:LANE2720:INDEX10,5,dense,4.856022580645e-5
SAMPLE,CAL,C27,D5:M17:K21:N2:R16:C1:P21:PANEL21:EXACT16:LANE2720:INDEX10,6,table,2.905332631579e-5
SAMPLE,CAL,C27,D5:M17:K21:N2:R16:C1:P21:PANEL21:EXACT16:LANE2720:INDEX10,6,dense,4.873603225806e-5
SAMPLE,CAL,C27,D5:M17:K21:N2:R16:C1:P21:PANEL21:EXACT16:LANE2720:INDEX10,7,table,2.911407368421e-5
SAMPLE,CAL,C27,D5:M17:K21:N2:R16:C1:P21:PANEL21:EXACT16:LANE2720:INDEX10,7,dense,4.790238709677e-5
SAMPLE,CAL,C27,D5:M17:K21:N2:R16:C1:P21:PANEL21:EXACT16:LANE2720:INDEX10,8,table,2.900755789474e-5
SAMPLE,CAL,C27,D5:M17:K21:N2:R16:C1:P21:PANEL21:EXACT16:LANE2720:INDEX10,8,dense,4.794666129032e-5
CAL,C28,16,16,65,3,table,2.260088889e-4,4.304779936e-5,7.673726667e-4,1.380020125e-4,2.996334880e-1,4.982221198e-2,0.0004700836856895484,0.0005950252725222486,3,0,48,10,1,195,0,195,0,195,0,0,0,40,0,3,3120,3120,3120,6435,144,11,4,4611685468671590400
SAMPLE,CAL,C28,D16:M16:K65:N3:R16:C1:P65:PANEL32:EXACT16:LANE16688:INDEX19,0,table,3.017052727273e-4
SAMPLE,CAL,C28,D16:M16:K65:N3:R16:C1:P65:PANEL32:EXACT16:LANE16688:INDEX19,0,dense,9.808865000000e-4
SAMPLE,CAL,C28,D16:M16:K65:N3:R16:C1:P65:PANEL32:EXACT16:LANE16688:INDEX19,1,table,3.074022727273e-4
SAMPLE,CAL,C28,D16:M16:K65:N3:R16:C1:P65:PANEL32:EXACT16:LANE16688:INDEX19,1,dense,1.042072750000e-3
SAMPLE,CAL,C28,D16:M16:K65:N3:R16:C1:P65:PANEL32:EXACT16:LANE16688:INDEX19,2,table,2.921647272727e-4
SAMPLE,CAL,C28,D16:M16:K65:N3:R16:C1:P65:PANEL32:EXACT16:LANE16688:INDEX19,2,dense,6.546205000000e-4
SAMPLE,CAL,C28,D16:M16:K65:N3:R16:C1:P65:PANEL32:EXACT16:LANE16688:INDEX19,3,table,1.862463636364e-4
SAMPLE,CAL,C28,D16:M16:K65:N3:R16:C1:P65:PANEL32:EXACT16:LANE16688:INDEX19,3,dense,6.406620000000e-4
SAMPLE,CAL,C28,D16:M16:K65:N3:R16:C1:P65:PANEL32:EXACT16:LANE16688:INDEX19,4,table,1.862272727273e-4
SAMPLE,CAL,C28,D16:M16:K65:N3:R16:C1:P65:PANEL32:EXACT16:LANE16688:INDEX19,4,dense,6.330027500000e-4
SAMPLE,CAL,C28,D16:M16:K65:N3:R16:C1:P65:PANEL32:EXACT16:LANE16688:INDEX19,5,table,1.883676363636e-4
SAMPLE,CAL,C28,D16:M16:K65:N3:R16:C1:P65:PANEL32:EXACT16:LANE16688:INDEX19,5,dense,6.980665000000e-4
SAMPLE,CAL,C28,D16:M16:K65:N3:R16:C1:P65:PANEL32:EXACT16:LANE16688:INDEX19,6,table,1.926337272727e-4
SAMPLE,CAL,C28,D16:M16:K65:N3:R16:C1:P65:PANEL32:EXACT16:LANE16688:INDEX19,6,dense,6.305105000000e-4
SAMPLE,CAL,C28,D16:M16:K65:N3:R16:C1:P65:PANEL32:EXACT16:LANE16688:INDEX19,7,table,1.930872727273e-4
SAMPLE,CAL,C28,D16:M16:K65:N3:R16:C1:P65:PANEL32:EXACT16:LANE16688:INDEX19,7,dense,9.896752500000e-4
SAMPLE,CAL,C28,D16:M16:K65:N3:R16:C1:P65:PANEL32:EXACT16:LANE16688:INDEX19,8,table,1.862454545455e-4
SAMPLE,CAL,C28,D16:M16:K65:N3:R16:C1:P65:PANEL32:EXACT16:LANE16688:INDEX19,8,dense,6.368572500000e-4
CAL,C29,5,17,43,11,table,1.021448956e-4,2.178832501e-5,8.903499074e-5,1.507168028e-5,1.139318451e0,5.686867155e-2,0.00041506971062768203,0.001604820104859643,3,8,176,473,0,516,0,1032,516,0,344,0,344,0,344,0,2958,4386,0,7344,561,33,36,8935141660703064064
SAMPLE,CAL,C29,D5:M17:K43:N11:R16:C3:P43:PANEL21:EXACT48:LANE5680:INDEX75,0,table,9.060651515152e-5
SAMPLE,CAL,C29,D5:M17:K43:N11:R16:C3:P43:PANEL21:EXACT48:LANE5680:INDEX75,0,dense,8.376508333333e-5
SAMPLE,CAL,C29,D5:M17:K43:N11:R16:C3:P43:PANEL21:EXACT48:LANE5680:INDEX75,1,table,9.053000000000e-5
SAMPLE,CAL,C29,D5:M17:K43:N11:R16:C3:P43:PANEL21:EXACT48:LANE5680:INDEX75,1,dense,8.390255555556e-5
SAMPLE,CAL,C29,D5:M17:K43:N11:R16:C3:P43:PANEL21:EXACT48:LANE5680:INDEX75,2,table,9.086639393939e-5
SAMPLE,CAL,C29,D5:M17:K43:N11:R16:C3:P43:PANEL21:EXACT48:LANE5680:INDEX75,2,dense,8.280688888889e-5
SAMPLE,CAL,C29,D5:M17:K43:N11:R16:C3:P43:PANEL21:EXACT48:LANE5680:INDEX75,3,table,9.224866666667e-5
SAMPLE,CAL,C29,D5:M17:K43:N11:R16:C3:P43:PANEL21:EXACT48:LANE5680:INDEX75,3,dense,8.303927777778e-5
SAMPLE,CAL,C29,D5:M17:K43:N11:R16:C3:P43:PANEL21:EXACT48:LANE5680:INDEX75,4,table,9.060106060606e-5
SAMPLE,CAL,C29,D5:M17:K43:N11:R16:C3:P43:PANEL21:EXACT48:LANE5680:INDEX75,4,dense,8.194641666667e-5
SAMPLE,CAL,C29,D5:M17:K43:N11:R16:C3:P43:PANEL21:EXACT48:LANE5680:INDEX75,5,table,9.225412121212e-5
SAMPLE,CAL,C29,D5:M17:K43:N11:R16:C3:P43:PANEL21:EXACT48:LANE5680:INDEX75,5,dense,8.131577777778e-5
SAMPLE,CAL,C29,D5:M17:K43:N11:R16:C3:P43:PANEL21:EXACT48:LANE5680:INDEX75,6,table,9.059012121212e-5
SAMPLE,CAL,C29,D5:M17:K43:N11:R16:C3:P43:PANEL21:EXACT48:LANE5680:INDEX75,6,dense,8.137255555556e-5
SAMPLE,CAL,C29,D5:M17:K43:N11:R16:C3:P43:PANEL21:EXACT48:LANE5680:INDEX75,7,table,1.048800909091e-4
SAMPLE,CAL,C29,D5:M17:K43:N11:R16:C3:P43:PANEL21:EXACT48:LANE5680:INDEX75,7,dense,8.190658333333e-5
SAMPLE,CAL,C29,D5:M17:K43:N11:R16:C3:P43:PANEL21:EXACT48:LANE5680:INDEX75,8,table,1.767270909091e-4
SAMPLE,CAL,C29,D5:M17:K43:N11:R16:C3:P43:PANEL21:EXACT48:LANE5680:INDEX75,8,dense,1.412597777778e-4
CAL,C30,256,2,64,65,table,1.198658333e-3,1.112627001e-5,2.206574167e-3,4.092877682e-6,5.432264081e-1,5.299473038e-3,0.0014100392275894122,0.001588986941589984,65,0,1040,4160,0,4160,0,8320,4160,0,576,576,0,0,576,0,8320,8320,8320,24960,65,3,2,8935141660703064064
SAMPLE,CAL,C30,D256:M2:K64:N65:R2:C8:P64:PANEL272:EXACT16:LANE32898:INDEX577,0,table,1.190904000000e-3
SAMPLE,CAL,C30,D256:M2:K64:N65:R2:C8:P64:PANEL272:EXACT16:LANE32898:INDEX577,0,dense,2.209334500000e-3
SAMPLE,CAL,C30,D256:M2:K64:N65:R2:C8:P64:PANEL272:EXACT16:LANE32898:INDEX577,1,table,1.190924000000e-3
SAMPLE,CAL,C30,D256:M2:K64:N65:R2:C8:P64:PANEL272:EXACT16:LANE32898:INDEX577,1,dense,2.200182500000e-3
SAMPLE,CAL,C30,D256:M2:K64:N65:R2:C8:P64:PANEL272:EXACT16:LANE32898:INDEX577,2,table,1.191411333333e-3
SAMPLE,CAL,C30,D256:M2:K64:N65:R2:C8:P64:PANEL272:EXACT16:LANE32898:INDEX577,2,dense,2.203413000000e-3
SAMPLE,CAL,C30,D256:M2:K64:N65:R2:C8:P64:PANEL272:EXACT16:LANE32898:INDEX577,3,table,1.195475666667e-3
SAMPLE,CAL,C30,D256:M2:K64:N65:R2:C8:P64:PANEL272:EXACT16:LANE32898:INDEX577,3,dense,2.200908500000e-3
SAMPLE,CAL,C30,D256:M2:K64:N65:R2:C8:P64:PANEL272:EXACT16:LANE32898:INDEX577,4,table,1.206059000000e-3
SAMPLE,CAL,C30,D256:M2:K64:N65:R2:C8:P64:PANEL272:EXACT16:LANE32898:INDEX577,4,dense,2.210481500000e-3
SAMPLE,CAL,C30,D256:M2:K64:N65:R2:C8:P64:PANEL272:EXACT16:LANE32898:INDEX577,5,table,1.234555333333e-3
SAMPLE,CAL,C30,D256:M2:K64:N65:R2:C8:P64:PANEL272:EXACT16:LANE32898:INDEX577,5,dense,2.202551500000e-3
SAMPLE,CAL,C30,D256:M2:K64:N65:R2:C8:P64:PANEL272:EXACT16:LANE32898:INDEX577,6,table,1.198260666667e-3
SAMPLE,CAL,C30,D256:M2:K64:N65:R2:C8:P64:PANEL272:EXACT16:LANE32898:INDEX577,6,dense,2.215115000000e-3
SAMPLE,CAL,C30,D256:M2:K64:N65:R2:C8:P64:PANEL272:EXACT16:LANE32898:INDEX577,7,table,1.191875666667e-3
SAMPLE,CAL,C30,D256:M2:K64:N65:R2:C8:P64:PANEL272:EXACT16:LANE32898:INDEX577,7,dense,2.205146500000e-3
SAMPLE,CAL,C30,D256:M2:K64:N65:R2:C8:P64:PANEL272:EXACT16:LANE32898:INDEX577,8,table,1.188459333333e-3
SAMPLE,CAL,C30,D256:M2:K64:N65:R2:C8:P64:PANEL272:EXACT16:LANE32898:INDEX577,8,dense,2.212034500000e-3
CAL,C31,16,3,127,9,table,1.240869962e-4,2.561195203e-5,3.318812551e-5,7.659550611e-6,3.766016304e0,1.130684562e-1,0.0003624873614178921,0.0006249454779176997,9,0,144,1143,0,2286,0,4572,2286,0,254,0,254,0,254,0,3051,3429,0,6480,108,29,108,8935141660703064064
SAMPLE,CAL,C31,D16:M3:K127:N9:R2:C9:P127:PANEL32:EXACT18:LANE4082:INDEX73,0,table,1.713785172414e-4
SAMPLE,CAL,C31,D16:M3:K127:N9:R2:C9:P127:PANEL32:EXACT18:LANE4082:INDEX73,0,dense,5.048301851852e-5
SAMPLE,CAL,C31,D16:M3:K127:N9:R2:C9:P127:PANEL32:EXACT18:LANE4082:INDEX73,1,table,1.927977586207e-4
SAMPLE,CAL,C31,D16:M3:K127:N9:R2:C9:P127:PANEL32:EXACT18:LANE4082:INDEX73,1,dense,5.102848148148e-5
SAMPLE,CAL,C31,D16:M3:K127:N9:R2:C9:P127:PANEL32:EXACT18:LANE4082:INDEX73,2,table,1.076351724138e-4
SAMPLE,CAL,C31,D16:M3:K127:N9:R2:C9:P127:PANEL32:EXACT18:LANE4082:INDEX73,2,dense,2.816779629630e-5
SAMPLE,CAL,C31,D16:M3:K127:N9:R2:C9:P127:PANEL32:EXACT18:LANE4082:INDEX73,3,table,1.075398275862e-4
SAMPLE,CAL,C31,D16:M3:K127:N9:R2:C9:P127:PANEL32:EXACT18:LANE4082:INDEX73,3,dense,2.808672222222e-5
SAMPLE,CAL,C31,D16:M3:K127:N9:R2:C9:P127:PANEL32:EXACT18:LANE4082:INDEX73,4,table,1.071646206897e-4
SAMPLE,CAL,C31,D16:M3:K127:N9:R2:C9:P127:PANEL32:EXACT18:LANE4082:INDEX73,4,dense,2.800489814815e-5
SAMPLE,CAL,C31,D16:M3:K127:N9:R2:C9:P127:PANEL32:EXACT18:LANE4082:INDEX73,5,table,1.086270000000e-4
SAMPLE,CAL,C31,D16:M3:K127:N9:R2:C9:P127:PANEL32:EXACT18:LANE4082:INDEX73,5,dense,2.800044444444e-5
SAMPLE,CAL,C31,D16:M3:K127:N9:R2:C9:P127:PANEL32:EXACT18:LANE4082:INDEX73,6,table,1.074113103448e-4
SAMPLE,CAL,C31,D16:M3:K127:N9:R2:C9:P127:PANEL32:EXACT18:LANE4082:INDEX73,6,dense,2.802346296296e-5
SAMPLE,CAL,C31,D16:M3:K127:N9:R2:C9:P127:PANEL32:EXACT18:LANE4082:INDEX73,7,table,1.071784827586e-4
SAMPLE,CAL,C31,D16:M3:K127:N9:R2:C9:P127:PANEL32:EXACT18:LANE4082:INDEX73,7,dense,2.801565740741e-5
SAMPLE,CAL,C31,D16:M3:K127:N9:R2:C9:P127:PANEL32:EXACT18:LANE4082:INDEX73,8,table,1.070502758621e-4
SAMPLE,CAL,C31,D16:M3:K127:N9:R2:C9:P127:PANEL32:EXACT18:LANE4082:INDEX73,8,dense,2.888264814815e-5
CAL,C32,256,1,4096,4,dense,3.859053278e-3,1.122308608e-3,1.581630111e-3,6.295422443e-4,2.618416372e0,6.176619793e-1,0.00350501244492207,0.0028452189044224484,4,0,64,9,1,16384,0,32768,16384,0,4096,0,4096,0,4096,0,16383,16384,1834,40955,64,2,4,8935141660703064064
SAMPLE,CAL,C32,D256:M1:K4096:N4:R1:C4:P128:PANEL272:EXACT4:LANE32772:INDEX20,0,table,1.683714000000e-3
SAMPLE,CAL,C32,D256:M1:K4096:N4:R1:C4:P128:PANEL272:EXACT4:LANE32772:INDEX20,0,dense,7.469275000000e-4
SAMPLE,CAL,C32,D256:M1:K4096:N4:R1:C4:P128:PANEL272:EXACT4:LANE32772:INDEX20,1,table,3.200472000000e-3
SAMPLE,CAL,C32,D256:M1:K4096:N4:R1:C4:P128:PANEL272:EXACT4:LANE32772:INDEX20,1,dense,1.077407000000e-3
SAMPLE,CAL,C32,D256:M1:K4096:N4:R1:C4:P128:PANEL272:EXACT4:LANE32772:INDEX20,2,table,6.493862500000e-3
SAMPLE,CAL,C32,D256:M1:K4096:N4:R1:C4:P128:PANEL272:EXACT4:LANE32772:INDEX20,2,dense,3.241566500000e-3
SAMPLE,CAL,C32,D256:M1:K4096:N4:R1:C4:P128:PANEL272:EXACT4:LANE32772:INDEX20,3,table,4.531409000000e-3
SAMPLE,CAL,C32,D256:M1:K4096:N4:R1:C4:P128:PANEL272:EXACT4:LANE32772:INDEX20,3,dense,2.661044000000e-3
SAMPLE,CAL,C32,D256:M1:K4096:N4:R1:C4:P128:PANEL272:EXACT4:LANE32772:INDEX20,4,table,3.209223500000e-3
SAMPLE,CAL,C32,D256:M1:K4096:N4:R1:C4:P128:PANEL272:EXACT4:LANE32772:INDEX20,4,dense,1.551239750000e-3
SAMPLE,CAL,C32,D256:M1:K4096:N4:R1:C4:P128:PANEL272:EXACT4:LANE32772:INDEX20,5,table,5.269009000000e-3
SAMPLE,CAL,C32,D256:M1:K4096:N4:R1:C4:P128:PANEL272:EXACT4:LANE32772:INDEX20,5,dense,1.298350750000e-3
SAMPLE,CAL,C32,D256:M1:K4096:N4:R1:C4:P128:PANEL272:EXACT4:LANE32772:INDEX20,6,table,4.395980000000e-3
SAMPLE,CAL,C32,D256:M1:K4096:N4:R1:C4:P128:PANEL272:EXACT4:LANE32772:INDEX20,6,dense,1.183336250000e-3
SAMPLE,CAL,C32,D256:M1:K4096:N4:R1:C4:P128:PANEL272:EXACT4:LANE32772:INDEX20,7,table,2.635684000000e-3
SAMPLE,CAL,C32,D256:M1:K4096:N4:R1:C4:P128:PANEL272:EXACT4:LANE32772:INDEX20,7,dense,1.142926000000e-3
SAMPLE,CAL,C32,D256:M1:K4096:N4:R1:C4:P128:PANEL272:EXACT4:LANE32772:INDEX20,8,table,3.312125500000e-3
SAMPLE,CAL,C32,D256:M1:K4096:N4:R1:C4:P128:PANEL272:EXACT4:LANE32772:INDEX20,8,dense,1.331873250000e-3
HOLDOUT,H01,3,2,43,13,table,4.093800000e-5,1.172137575e-5,2.236102346e-4,2.091303658e-5,1.791704142e-1,2.778899503e-2,0.00011689427801507591,0.0002231300680553514,5,8,208,559,0,473,0,0,0,0,0,0,0,0,0,4,860,946,860,1806,78,48,9,281474943156225
SAMPLE,HOLDOUT,H01,D3:M2:K43:N13:R2:C4:P43:PANEL19:EXACT8:LANE370:INDEX77,0,table,8.159485416667e-5
SAMPLE,HOLDOUT,H01,D3:M2:K43:N13:R2:C4:P43:PANEL19:EXACT8:LANE370:INDEX77,0,dense,2.961476666667e-4
SAMPLE,HOLDOUT,H01,D3:M2:K43:N13:R2:C4:P43:PANEL19:EXACT8:LANE370:INDEX77,1,table,3.604262500000e-5
SAMPLE,HOLDOUT,H01,D3:M2:K43:N13:R2:C4:P43:PANEL19:EXACT8:LANE370:INDEX77,1,dense,2.150242222222e-4
SAMPLE,HOLDOUT,H01,D3:M2:K43:N13:R2:C4:P43:PANEL19:EXACT8:LANE370:INDEX77,2,table,3.617245833333e-5
SAMPLE,HOLDOUT,H01,D3:M2:K43:N13:R2:C4:P43:PANEL19:EXACT8:LANE370:INDEX77,2,dense,2.151366666667e-4
SAMPLE,HOLDOUT,H01,D3:M2:K43:N13:R2:C4:P43:PANEL19:EXACT8:LANE370:INDEX77,3,table,3.545527083333e-5
SAMPLE,HOLDOUT,H01,D3:M2:K43:N13:R2:C4:P43:PANEL19:EXACT8:LANE370:INDEX77,3,dense,2.144754444444e-4
SAMPLE,HOLDOUT,H01,D3:M2:K43:N13:R2:C4:P43:PANEL19:EXACT8:LANE370:INDEX77,4,table,3.572222916667e-5
SAMPLE,HOLDOUT,H01,D3:M2:K43:N13:R2:C4:P43:PANEL19:EXACT8:LANE370:INDEX77,4,dense,2.141225555556e-4
SAMPLE,HOLDOUT,H01,D3:M2:K43:N13:R2:C4:P43:PANEL19:EXACT8:LANE370:INDEX77,5,table,3.570031250000e-5
SAMPLE,HOLDOUT,H01,D3:M2:K43:N13:R2:C4:P43:PANEL19:EXACT8:LANE370:INDEX77,5,dense,2.147081111111e-4
SAMPLE,HOLDOUT,H01,D3:M2:K43:N13:R2:C4:P43:PANEL19:EXACT8:LANE370:INDEX77,6,table,3.555545833333e-5
SAMPLE,HOLDOUT,H01,D3:M2:K43:N13:R2:C4:P43:PANEL19:EXACT8:LANE370:INDEX77,6,dense,2.145978888889e-4
SAMPLE,HOLDOUT,H01,D3:M2:K43:N13:R2:C4:P43:PANEL19:EXACT8:LANE370:INDEX77,7,table,3.631562500000e-5
SAMPLE,HOLDOUT,H01,D3:M2:K43:N13:R2:C4:P43:PANEL19:EXACT8:LANE370:INDEX77,7,dense,2.149117777778e-4
SAMPLE,HOLDOUT,H01,D3:M2:K43:N13:R2:C4:P43:PANEL19:EXACT8:LANE370:INDEX77,8,table,3.588316666667e-5
SAMPLE,HOLDOUT,H01,D3:M2:K43:N13:R2:C4:P43:PANEL19:EXACT8:LANE370:INDEX77,8,dense,2.133677777778e-4
HOLDOUT,H02,3,2,43,13,table,3.923562271e-5,8.942976064e-6,1.189863920e-5,2.130259755e-6,3.296610017e0,4.883874747e-1,0.00011689427801507591,0.0002231300680553514,5,8,208,559,0,473,0,946,473,0,172,0,172,0,172,0,860,946,0,1806,78,91,267,8935141660703064064
SAMPLE,HOLDOUT,H02,D3:M2:K43:N13:R2:C4:P43:PANEL19:EXACT8:LANE370:INDEX77,0,table,3.296289010989e-5
SAMPLE,HOLDOUT,H02,D3:M2:K43:N13:R2:C4:P43:PANEL19:EXACT8:LANE370:INDEX77,0,dense,1.131637827715e-5
SAMPLE,HOLDOUT,H02,D3:M2:K43:N13:R2:C4:P43:PANEL19:EXACT8:LANE370:INDEX77,1,table,3.383878021978e-5
SAMPLE,HOLDOUT,H02,D3:M2:K43:N13:R2:C4:P43:PANEL19:EXACT8:LANE370:INDEX77,1,dense,1.140700000000e-5
SAMPLE,HOLDOUT,H02,D3:M2:K43:N13:R2:C4:P43:PANEL19:EXACT8:LANE370:INDEX77,2,table,3.318076923077e-5
SAMPLE,HOLDOUT,H02,D3:M2:K43:N13:R2:C4:P43:PANEL19:EXACT8:LANE370:INDEX77,2,dense,1.083585767790e-5
SAMPLE,HOLDOUT,H02,D3:M2:K43:N13:R2:C4:P43:PANEL19:EXACT8:LANE370:INDEX77,3,table,3.329559340659e-5
SAMPLE,HOLDOUT,H02,D3:M2:K43:N13:R2:C4:P43:PANEL19:EXACT8:LANE370:INDEX77,3,dense,1.093683520599e-5
SAMPLE,HOLDOUT,H02,D3:M2:K43:N13:R2:C4:P43:PANEL19:EXACT8:LANE370:INDEX77,4,table,3.313816483516e-5
SAMPLE,HOLDOUT,H02,D3:M2:K43:N13:R2:C4:P43:PANEL19:EXACT8:LANE370:INDEX77,4,dense,1.087844943820e-5
SAMPLE,HOLDOUT,H02,D3:M2:K43:N13:R2:C4:P43:PANEL19:EXACT8:LANE370:INDEX77,5,table,3.297796703297e-5
SAMPLE,HOLDOUT,H02,D3:M2:K43:N13:R2:C4:P43:PANEL19:EXACT8:LANE370:INDEX77,5,dense,1.076962921348e-5
SAMPLE,HOLDOUT,H02,D3:M2:K43:N13:R2:C4:P43:PANEL19:EXACT8:LANE370:INDEX77,6,table,3.547474725275e-5
SAMPLE,HOLDOUT,H02,D3:M2:K43:N13:R2:C4:P43:PANEL19:EXACT8:LANE370:INDEX77,6,dense,1.084752808989e-5
SAMPLE,HOLDOUT,H02,D3:M2:K43:N13:R2:C4:P43:PANEL19:EXACT8:LANE370:INDEX77,7,table,5.361546153846e-5
SAMPLE,HOLDOUT,H02,D3:M2:K43:N13:R2:C4:P43:PANEL19:EXACT8:LANE370:INDEX77,7,dense,1.083195505618e-5
SAMPLE,HOLDOUT,H02,D3:M2:K43:N13:R2:C4:P43:PANEL19:EXACT8:LANE370:INDEX77,8,table,6.463623076923e-5
SAMPLE,HOLDOUT,H02,D3:M2:K43:N13:R2:C4:P43:PANEL19:EXACT8:LANE370:INDEX77,8,dense,1.926411985019e-5
HOLDOUT,H03,5,17,64,19,table,1.783209938e-4,1.874403950e-6,4.039203222e-3,2.168421069e-4,4.432123746e-2,2.196900253e-3,0.0006352603261319411,0.003948021401027422,1,18,304,1216,0,512,0,0,0,0,0,0,0,0,0,8,4352,4352,4352,8704,1292,18,1,281474943156225
SAMPLE,HOLDOUT,H03,D5:M17:K64:N19:R16:C5:P64:PANEL21:EXACT80:LANE8496:INDEX147,0,table,1.764979444444e-4
SAMPLE,HOLDOUT,H03,D5:M17:K64:N19:R16:C5:P64:PANEL21:EXACT80:LANE8496:INDEX147,0,dense,4.788969000000e-3
SAMPLE,HOLDOUT,H03,D5:M17:K64:N19:R16:C5:P64:PANEL21:EXACT80:LANE8496:INDEX147,1,table,1.762652777778e-4
SAMPLE,HOLDOUT,H03,D5:M17:K64:N19:R16:C5:P64:PANEL21:EXACT80:LANE8496:INDEX147,1,dense,3.951287000000e-3
SAMPLE,HOLDOUT,H03,D5:M17:K64:N19:R16:C5:P64:PANEL21:EXACT80:LANE8496:INDEX147,2,table,1.761384444444e-4
SAMPLE,HOLDOUT,H03,D5:M17:K64:N19:R16:C5:P64:PANEL21:EXACT80:LANE8496:INDEX147,2,dense,3.936790000000e-3
SAMPLE,HOLDOUT,H03,D5:M17:K64:N19:R16:C5:P64:PANEL21:EXACT80:LANE8496:INDEX147,3,table,1.780436111111e-4
SAMPLE,HOLDOUT,H03,D5:M17:K64:N19:R16:C5:P64:PANEL21:EXACT80:LANE8496:INDEX147,3,dense,3.951587000000e-3
SAMPLE,HOLDOUT,H03,D5:M17:K64:N19:R16:C5:P64:PANEL21:EXACT80:LANE8496:INDEX147,4,table,1.825865555556e-4
SAMPLE,HOLDOUT,H03,D5:M17:K64:N19:R16:C5:P64:PANEL21:EXACT80:LANE8496:INDEX147,4,dense,3.922323000000e-3
SAMPLE,HOLDOUT,H03,D5:M17:K64:N19:R16:C5:P64:PANEL21:EXACT80:LANE8496:INDEX147,5,table,1.780709444444e-4
SAMPLE,HOLDOUT,H03,D5:M17:K64:N19:R16:C5:P64:PANEL21:EXACT80:LANE8496:INDEX147,5,dense,3.933324000000e-3
SAMPLE,HOLDOUT,H03,D5:M17:K64:N19:R16:C5:P64:PANEL21:EXACT80:LANE8496:INDEX147,6,table,1.794150555556e-4
SAMPLE,HOLDOUT,H03,D5:M17:K64:N19:R16:C5:P64:PANEL21:EXACT80:LANE8496:INDEX147,6,dense,3.941619000000e-3
SAMPLE,HOLDOUT,H03,D5:M17:K64:N19:R16:C5:P64:PANEL21:EXACT80:LANE8496:INDEX147,7,table,1.761996111111e-4
SAMPLE,HOLDOUT,H03,D5:M17:K64:N19:R16:C5:P64:PANEL21:EXACT80:LANE8496:INDEX147,7,dense,3.926461000000e-3
SAMPLE,HOLDOUT,H03,D5:M17:K64:N19:R16:C5:P64:PANEL21:EXACT80:LANE8496:INDEX147,8,table,1.816715000000e-4
SAMPLE,HOLDOUT,H03,D5:M17:K64:N19:R16:C5:P64:PANEL21:EXACT80:LANE8496:INDEX147,8,dense,4.000469000000e-3
HOLDOUT,H04,5,17,64,19,table,1.781478182e-4,1.250483011e-5,5.237493222e-3,5.381860657e-5,3.398391787e-2,1.984565614e-3,0.0006352603261319411,0.003948021401027422,1,18,304,1216,0,512,0,0,0,0,0,0,0,0,0,8,4352,4352,4352,8704,38,11,1,281474943156225
SAMPLE,HOLDOUT,H04,D5:M17:K64:N19:R16:C5:P64:PANEL1109:EXACT80:LANE8496:INDEX147,0,table,2.212389090909e-4
SAMPLE,HOLDOUT,H04,D5:M17:K64:N19:R16:C5:P64:PANEL1109:EXACT80:LANE8496:INDEX147,0,dense,5.422250000000e-3
SAMPLE,HOLDOUT,H04,D5:M17:K64:N19:R16:C5:P64:PANEL1109:EXACT80:LANE8496:INDEX147,1,table,1.755819090909e-4
SAMPLE,HOLDOUT,H04,D5:M17:K64:N19:R16:C5:P64:PANEL1109:EXACT80:LANE8496:INDEX147,1,dense,5.236203000000e-3
SAMPLE,HOLDOUT,H04,D5:M17:K64:N19:R16:C5:P64:PANEL1109:EXACT80:LANE8496:INDEX147,2,table,1.719533636364e-4
SAMPLE,HOLDOUT,H04,D5:M17:K64:N19:R16:C5:P64:PANEL1109:EXACT80:LANE8496:INDEX147,2,dense,5.216586000000e-3
SAMPLE,HOLDOUT,H04,D5:M17:K64:N19:R16:C5:P64:PANEL1109:EXACT80:LANE8496:INDEX147,3,table,1.718085454545e-4
SAMPLE,HOLDOUT,H04,D5:M17:K64:N19:R16:C5:P64:PANEL1109:EXACT80:LANE8496:INDEX147,3,dense,5.205175000000e-3
SAMPLE,HOLDOUT,H04,D5:M17:K64:N19:R16:C5:P64:PANEL1109:EXACT80:LANE8496:INDEX147,4,table,1.705188181818e-4
SAMPLE,HOLDOUT,H04,D5:M17:K64:N19:R16:C5:P64:PANEL1109:EXACT80:LANE8496:INDEX147,4,dense,5.218440000000e-3
SAMPLE,HOLDOUT,H04,D5:M17:K64:N19:R16:C5:P64:PANEL1109:EXACT80:LANE8496:INDEX147,5,table,1.721081818182e-4
SAMPLE,HOLDOUT,H04,D5:M17:K64:N19:R16:C5:P64:PANEL1109:EXACT80:LANE8496:INDEX147,5,dense,5.218069000000e-3
SAMPLE,HOLDOUT,H04,D5:M17:K64:N19:R16:C5:P64:PANEL1109:EXACT80:LANE8496:INDEX147,6,table,1.720535454545e-4
SAMPLE,HOLDOUT,H04,D5:M17:K64:N19:R16:C5:P64:PANEL1109:EXACT80:LANE8496:INDEX147,6,dense,5.210626000000e-3
SAMPLE,HOLDOUT,H04,D5:M17:K64:N19:R16:C5:P64:PANEL1109:EXACT80:LANE8496:INDEX147,7,table,1.762212727273e-4
SAMPLE,HOLDOUT,H04,D5:M17:K64:N19:R16:C5:P64:PANEL1109:EXACT80:LANE8496:INDEX147,7,dense,5.201108000000e-3
SAMPLE,HOLDOUT,H04,D5:M17:K64:N19:R16:C5:P64:PANEL1109:EXACT80:LANE8496:INDEX147,8,table,1.718458181818e-4
SAMPLE,HOLDOUT,H04,D5:M17:K64:N19:R16:C5:P64:PANEL1109:EXACT80:LANE8496:INDEX147,8,dense,5.208982000000e-3
HOLDOUT,H05,16,1,15,33,dense,1.335185913e-4,2.690876410e-5,1.023614150e-4,1.503250547e-5,1.325714168e0,2.758775103e-1,0.0001490361955181361,0.00012299731362577687,18,15,495,495,0,495,0,990,495,0,75,75,0,0,75,0,468,495,468,1953,33,28,34,8935141660703064064
SAMPLE,HOLDOUT,H05,D16:M1:K15:N33:R1:C8:P15:PANEL32:EXACT8:LANE273:INDEX289,0,table,1.097120714286e-4
SAMPLE,HOLDOUT,H05,D16:M1:K15:N33:R1:C8:P15:PANEL32:EXACT8:LANE273:INDEX289,0,dense,9.149855882353e-5
SAMPLE,HOLDOUT,H05,D16:M1:K15:N33:R1:C8:P15:PANEL32:EXACT8:LANE273:INDEX289,1,table,1.102670357143e-4
SAMPLE,HOLDOUT,H05,D16:M1:K15:N33:R1:C8:P15:PANEL32:EXACT8:LANE273:INDEX289,1,dense,9.140070588235e-5
SAMPLE,HOLDOUT,H05,D16:M1:K15:N33:R1:C8:P15:PANEL32:EXACT8:LANE273:INDEX289,2,table,1.118242142857e-4
SAMPLE,HOLDOUT,H05,D16:M1:K15:N33:R1:C8:P15:PANEL32:EXACT8:LANE273:INDEX289,2,dense,1.307420000000e-4
SAMPLE,HOLDOUT,H05,D16:M1:K15:N33:R1:C8:P15:PANEL32:EXACT8:LANE273:INDEX289,3,table,1.799619642857e-4
SAMPLE,HOLDOUT,H05,D16:M1:K15:N33:R1:C8:P15:PANEL32:EXACT8:LANE273:INDEX289,3,dense,1.419688235294e-4
SAMPLE,HOLDOUT,H05,D16:M1:K15:N33:R1:C8:P15:PANEL32:EXACT8:LANE273:INDEX289,4,table,1.928742500000e-4
SAMPLE,HOLDOUT,H05,D16:M1:K15:N33:R1:C8:P15:PANEL32:EXACT8:LANE273:INDEX289,4,dense,9.593505882353e-5
SAMPLE,HOLDOUT,H05,D16:M1:K15:N33:R1:C8:P15:PANEL32:EXACT8:LANE273:INDEX289,5,table,1.101167142857e-4
SAMPLE,HOLDOUT,H05,D16:M1:K15:N33:R1:C8:P15:PANEL32:EXACT8:LANE273:INDEX289,5,dense,9.155100000000e-5
SAMPLE,HOLDOUT,H05,D16:M1:K15:N33:R1:C8:P15:PANEL32:EXACT8:LANE273:INDEX289,6,table,1.117344285714e-4
SAMPLE,HOLDOUT,H05,D16:M1:K15:N33:R1:C8:P15:PANEL32:EXACT8:LANE273:INDEX289,6,dense,9.478791176471e-5
SAMPLE,HOLDOUT,H05,D16:M1:K15:N33:R1:C8:P15:PANEL32:EXACT8:LANE273:INDEX289,7,table,1.102891785714e-4
SAMPLE,HOLDOUT,H05,D16:M1:K15:N33:R1:C8:P15:PANEL32:EXACT8:LANE273:INDEX289,7,dense,9.306441176471e-5
SAMPLE,HOLDOUT,H05,D16:M1:K15:N33:R1:C8:P15:PANEL32:EXACT8:LANE273:INDEX289,8,table,1.648874642857e-4
SAMPLE,HOLDOUT,H05,D16:M1:K15:N33:R1:C8:P15:PANEL32:EXACT8:LANE273:INDEX289,8,dense,9.030426470588e-5
HOLDOUT,H06,16,1,15,34,dense,1.136921310e-4,4.336208233e-6,9.892778148e-5,1.213472711e-5,1.162608246e0,7.277211844e-2,0.00014999393884843108,0.0001267245049477701,0,0,0,0,0,0,0,1020,510,0,75,75,0,0,75,0,510,510,510,2040,34,28,30,8935141660703064064
SAMPLE,HOLDOUT,H06,D16:M1:K15:N34:R1:C8:P15:PANEL32:EXACT8:LANE274:INDEX289,0,table,1.114538571429e-4
SAMPLE,HOLDOUT,H06,D16:M1:K15:N34:R1:C8:P15:PANEL32:EXACT8:LANE274:INDEX289,0,dense,9.456700000000e-5
SAMPLE,HOLDOUT,H06,D16:M1:K15:N34:R1:C8:P15:PANEL32:EXACT8:LANE274:INDEX289,1,table,1.120736071429e-4
SAMPLE,HOLDOUT,H06,D16:M1:K15:N34:R1:C8:P15:PANEL32:EXACT8:LANE274:INDEX289,1,dense,9.431786666667e-5
SAMPLE,HOLDOUT,H06,D16:M1:K15:N34:R1:C8:P15:PANEL32:EXACT8:LANE274:INDEX289,2,table,1.123222500000e-4
SAMPLE,HOLDOUT,H06,D16:M1:K15:N34:R1:C8:P15:PANEL32:EXACT8:LANE274:INDEX289,2,dense,9.209470000000e-5
SAMPLE,HOLDOUT,H06,D16:M1:K15:N34:R1:C8:P15:PANEL32:EXACT8:LANE274:INDEX289,3,table,1.112660357143e-4
SAMPLE,HOLDOUT,H06,D16:M1:K15:N34:R1:C8:P15:PANEL32:EXACT8:LANE274:INDEX289,3,dense,9.307053333333e-5
SAMPLE,HOLDOUT,H06,D16:M1:K15:N34:R1:C8:P15:PANEL32:EXACT8:LANE274:INDEX289,4,table,1.134157500000e-4
SAMPLE,HOLDOUT,H06,D16:M1:K15:N34:R1:C8:P15:PANEL32:EXACT8:LANE274:INDEX289,4,dense,9.405066666667e-5
SAMPLE,HOLDOUT,H06,D16:M1:K15:N34:R1:C8:P15:PANEL32:EXACT8:LANE274:INDEX289,5,table,1.113247142857e-4
SAMPLE,HOLDOUT,H06,D16:M1:K15:N34:R1:C8:P15:PANEL32:EXACT8:LANE274:INDEX289,5,dense,9.404033333333e-5
SAMPLE,HOLDOUT,H06,D16:M1:K15:N34:R1:C8:P15:PANEL32:EXACT8:LANE274:INDEX289,6,table,1.112907142857e-4
SAMPLE,HOLDOUT,H06,D16:M1:K15:N34:R1:C8:P15:PANEL32:EXACT8:LANE274:INDEX289,6,dense,9.376550000000e-5
SAMPLE,HOLDOUT,H06,D16:M1:K15:N34:R1:C8:P15:PANEL32:EXACT8:LANE274:INDEX289,7,table,1.114642500000e-4
SAMPLE,HOLDOUT,H06,D16:M1:K15:N34:R1:C8:P15:PANEL32:EXACT8:LANE274:INDEX289,7,dense,9.346426666667e-5
SAMPLE,HOLDOUT,H06,D16:M1:K15:N34:R1:C8:P15:PANEL32:EXACT8:LANE274:INDEX289,8,table,1.286180000000e-4
SAMPLE,HOLDOUT,H06,D16:M1:K15:N34:R1:C8:P15:PANEL32:EXACT8:LANE274:INDEX289,8,dense,1.409791666667e-4
HOLDOUT,H07,256,1,1024,16,table,7.015218611e-4,1.511275903e-5,3.073403889e-3,1.788521032e-5,2.282649117e-1,5.005850292e-3,0.0024267131131599285,0.002858736193606374,16,0,256,33,1,16384,0,0,0,0,0,0,0,0,0,1,16383,16384,16383,32767,64,4,1,281474943156225
SAMPLE,HOLDOUT,H07,D256:M1:K1024:N16:R1:C16:P128:PANEL272:EXACT16:LANE32784:INDEX80,0,table,7.092800000000e-4
SAMPLE,HOLDOUT,H07,D256:M1:K1024:N16:R1:C16:P128:PANEL272:EXACT16:LANE32784:INDEX80,0,dense,3.070525000000e-3
SAMPLE,HOLDOUT,H07,D256:M1:K1024:N16:R1:C16:P128:PANEL272:EXACT16:LANE32784:INDEX80,1,table,6.939137500000e-4
SAMPLE,HOLDOUT,H07,D256:M1:K1024:N16:R1:C16:P128:PANEL272:EXACT16:LANE32784:INDEX80,1,dense,3.074132000000e-3
SAMPLE,HOLDOUT,H07,D256:M1:K1024:N16:R1:C16:P128:PANEL272:EXACT16:LANE32784:INDEX80,2,table,6.925912500000e-4
SAMPLE,HOLDOUT,H07,D256:M1:K1024:N16:R1:C16:P128:PANEL272:EXACT16:LANE32784:INDEX80,2,dense,3.107474000000e-3
SAMPLE,HOLDOUT,H07,D256:M1:K1024:N16:R1:C16:P128:PANEL272:EXACT16:LANE32784:INDEX80,3,table,7.501335000000e-4
SAMPLE,HOLDOUT,H07,D256:M1:K1024:N16:R1:C16:P128:PANEL272:EXACT16:LANE32784:INDEX80,3,dense,3.083931000000e-3
SAMPLE,HOLDOUT,H07,D256:M1:K1024:N16:R1:C16:P128:PANEL272:EXACT16:LANE32784:INDEX80,4,table,6.885537500000e-4
SAMPLE,HOLDOUT,H07,D256:M1:K1024:N16:R1:C16:P128:PANEL272:EXACT16:LANE32784:INDEX80,4,dense,3.046771000000e-3
SAMPLE,HOLDOUT,H07,D256:M1:K1024:N16:R1:C16:P128:PANEL272:EXACT16:LANE32784:INDEX80,5,table,6.891122500000e-4
SAMPLE,HOLDOUT,H07,D256:M1:K1024:N16:R1:C16:P128:PANEL272:EXACT16:LANE32784:INDEX80,5,dense,3.101633000000e-3
SAMPLE,HOLDOUT,H07,D256:M1:K1024:N16:R1:C16:P128:PANEL272:EXACT16:LANE32784:INDEX80,6,table,7.063195000000e-4
SAMPLE,HOLDOUT,H07,D256:M1:K1024:N16:R1:C16:P128:PANEL272:EXACT16:LANE32784:INDEX80,6,dense,3.047152000000e-3
SAMPLE,HOLDOUT,H07,D256:M1:K1024:N16:R1:C16:P128:PANEL272:EXACT16:LANE32784:INDEX80,7,table,6.926115000000e-4
SAMPLE,HOLDOUT,H07,D256:M1:K1024:N16:R1:C16:P128:PANEL272:EXACT16:LANE32784:INDEX80,7,dense,3.045839000000e-3
SAMPLE,HOLDOUT,H07,D256:M1:K1024:N16:R1:C16:P128:PANEL272:EXACT16:LANE32784:INDEX80,8,table,6.911812500000e-4
SAMPLE,HOLDOUT,H07,D256:M1:K1024:N16:R1:C16:P128:PANEL272:EXACT16:LANE32784:INDEX80,8,dense,3.083178000000e-3
HOLDOUT,H08,256,1,1024,1,dense,9.839068210e-5,1.936938802e-5,8.585683945e-6,2.048187089e-6,1.184252312e1,1.820687044e0,0.001445983942937858,0.00017867101210039839,1,0,16,3,1,1024,0,2048,1024,0,1024,0,1024,0,1024,0,1024,1024,0,2048,4,36,418,8935141660703064064
SAMPLE,HOLDOUT,H08,D256:M1:K1024:N1:R1:C1:P128:PANEL272:EXACT1:LANE32769:INDEX5,0,table,8.698191666667e-5
SAMPLE,HOLDOUT,H08,D256:M1:K1024:N1:R1:C1:P128:PANEL272:EXACT1:LANE32769:INDEX5,0,dense,7.291322966507e-6
SAMPLE,HOLDOUT,H08,D256:M1:K1024:N1:R1:C1:P128:PANEL272:EXACT1:LANE32769:INDEX5,1,table,8.694797222222e-5
SAMPLE,HOLDOUT,H08,D256:M1:K1024:N1:R1:C1:P128:PANEL272:EXACT1:LANE32769:INDEX5,1,dense,7.203550239234e-6
SAMPLE,HOLDOUT,H08,D256:M1:K1024:N1:R1:C1:P128:PANEL272:EXACT1:LANE32769:INDEX5,2,table,8.672280555556e-5
SAMPLE,HOLDOUT,H08,D256:M1:K1024:N1:R1:C1:P128:PANEL272:EXACT1:LANE32769:INDEX5,2,dense,7.206306220096e-6
SAMPLE,HOLDOUT,H08,D256:M1:K1024:N1:R1:C1:P128:PANEL272:EXACT1:LANE32769:INDEX5,3,table,1.191980833333e-4
SAMPLE,HOLDOUT,H08,D256:M1:K1024:N1:R1:C1:P128:PANEL272:EXACT1:LANE32769:INDEX5,3,dense,7.390765550239e-6
SAMPLE,HOLDOUT,H08,D256:M1:K1024:N1:R1:C1:P128:PANEL272:EXACT1:LANE32769:INDEX5,4,table,1.591793055556e-4
SAMPLE,HOLDOUT,H08,D256:M1:K1024:N1:R1:C1:P128:PANEL272:EXACT1:LANE32769:INDEX5,4,dense,1.357751674641e-5
SAMPLE,HOLDOUT,H08,D256:M1:K1024:N1:R1:C1:P128:PANEL272:EXACT1:LANE32769:INDEX5,5,table,8.707680555556e-5
SAMPLE,HOLDOUT,H08,D256:M1:K1024:N1:R1:C1:P128:PANEL272:EXACT1:LANE32769:INDEX5,5,dense,1.297613157895e-5
SAMPLE,HOLDOUT,H08,D256:M1:K1024:N1:R1:C1:P128:PANEL272:EXACT1:LANE32769:INDEX5,6,table,8.649627777778e-5
SAMPLE,HOLDOUT,H08,D256:M1:K1024:N1:R1:C1:P128:PANEL272:EXACT1:LANE32769:INDEX5,6,dense,7.204533492823e-6
SAMPLE,HOLDOUT,H08,D256:M1:K1024:N1:R1:C1:P128:PANEL272:EXACT1:LANE32769:INDEX5,7,table,8.647486111111e-5
SAMPLE,HOLDOUT,H08,D256:M1:K1024:N1:R1:C1:P128:PANEL272:EXACT1:LANE32769:INDEX5,7,dense,7.216133971292e-6
SAMPLE,HOLDOUT,H08,D256:M1:K1024:N1:R1:C1:P128:PANEL272:EXACT1:LANE32769:INDEX5,8,table,8.643811111111e-5
SAMPLE,HOLDOUT,H08,D256:M1:K1024:N1:R1:C1:P128:PANEL272:EXACT1:LANE32769:INDEX5,8,dense,7.204894736842e-6
HOLDOUT,H09,3,33,31,65,table,2.518684944e-3,4.232022288e-4,1.964841944e-2,1.836642000e-3,1.273982870e-1,1.336583590e-2,0.0010506311904176112,0.013945342659327491,4,61,1040,2015,0,2790,0,2790,0,930,0,0,0,280,0,30,29667,30690,29667,63147,195,2,1,4611685468671590400
SAMPLE,HOLDOUT,H09,D3:M33:K31:N65:R16:C7:P31:PANEL1042:EXACT112:LANE3024:INDEX577,0,table,3.351809500000e-3
SAMPLE,HOLDOUT,H09,D3:M33:K31:N65:R16:C7:P31:PANEL1042:EXACT112:LANE3024:INDEX577,0,dense,2.189627600000e-2
SAMPLE,HOLDOUT,H09,D3:M33:K31:N65:R16:C7:P31:PANEL1042:EXACT112:LANE3024:INDEX577,1,table,2.086340000000e-3
SAMPLE,HOLDOUT,H09,D3:M33:K31:N65:R16:C7:P31:PANEL1042:EXACT112:LANE3024:INDEX577,1,dense,1.818951400000e-2
SAMPLE,HOLDOUT,H09,D3:M33:K31:N65:R16:C7:P31:PANEL1042:EXACT112:LANE3024:INDEX577,2,table,2.074748500000e-3
SAMPLE,HOLDOUT,H09,D3:M33:K31:N65:R16:C7:P31:PANEL1042:EXACT112:LANE3024:INDEX577,2,dense,1.813004400000e-2
SAMPLE,HOLDOUT,H09,D3:M33:K31:N65:R16:C7:P31:PANEL1042:EXACT112:LANE3024:INDEX577,3,table,2.675513500000e-3
SAMPLE,HOLDOUT,H09,D3:M33:K31:N65:R16:C7:P31:PANEL1042:EXACT112:LANE3024:INDEX577,3,dense,1.817448700000e-2
SAMPLE,HOLDOUT,H09,D3:M33:K31:N65:R16:C7:P31:PANEL1042:EXACT112:LANE3024:INDEX577,4,table,3.298981000000e-3
SAMPLE,HOLDOUT,H09,D3:M33:K31:N65:R16:C7:P31:PANEL1042:EXACT112:LANE3024:INDEX577,4,dense,2.186125100000e-2
SAMPLE,HOLDOUT,H09,D3:M33:K31:N65:R16:C7:P31:PANEL1042:EXACT112:LANE3024:INDEX577,5,table,2.083144000000e-3
SAMPLE,HOLDOUT,H09,D3:M33:K31:N65:R16:C7:P31:PANEL1042:EXACT112:LANE3024:INDEX577,5,dense,1.813400100000e-2
SAMPLE,HOLDOUT,H09,D3:M33:K31:N65:R16:C7:P31:PANEL1042:EXACT112:LANE3024:INDEX577,6,table,2.097375500000e-3
SAMPLE,HOLDOUT,H09,D3:M33:K31:N65:R16:C7:P31:PANEL1042:EXACT112:LANE3024:INDEX577,6,dense,1.808817500000e-2
SAMPLE,HOLDOUT,H09,D3:M33:K31:N65:R16:C7:P31:PANEL1042:EXACT112:LANE3024:INDEX577,7,table,2.084471000000e-3
SAMPLE,HOLDOUT,H09,D3:M33:K31:N65:R16:C7:P31:PANEL1042:EXACT112:LANE3024:INDEX577,7,dense,1.804319200000e-2
SAMPLE,HOLDOUT,H09,D3:M33:K31:N65:R16:C7:P31:PANEL1042:EXACT112:LANE3024:INDEX577,8,table,2.915781500000e-3
SAMPLE,HOLDOUT,H09,D3:M33:K31:N65:R16:C7:P31:PANEL1042:EXACT112:LANE3024:INDEX577,8,dense,2.431883500000e-2
HOLDOUT,H10,5,15,22,7,table,7.480086288e-5,1.573537775e-5,4.897952857e-4,6.902668238e-5,1.510273668e-1,1.162676325e-2,0.00021408126422668553,0.000518791866085928,0,0,0,0,0,0,0,0,0,0,0,0,0,0,0,4,1650,2310,1650,3960,210,47,7,281474943156225
SAMPLE,HOLDOUT,H10,D5:M15:K22:N7:R8:C7:P22:PANEL21:EXACT56:LANE1464:INDEX0,0,table,6.420504255319e-5
SAMPLE,HOLDOUT,H10,D5:M15:K22:N7:R8:C7:P22:PANEL21:EXACT56:LANE1464:INDEX0,0,dense,4.424077142857e-4
SAMPLE,HOLDOUT,H10,D5:M15:K22:N7:R8:C7:P22:PANEL21:EXACT56:LANE1464:INDEX0,1,table,1.116891063830e-4
SAMPLE,HOLDOUT,H10,D5:M15:K22:N7:R8:C7:P22:PANEL21:EXACT56:LANE1464:INDEX0,1,dense,6.965588571429e-4
SAMPLE,HOLDOUT,H10,D5:M15:K22:N7:R8:C7:P22:PANEL21:EXACT56:LANE1464:INDEX0,2,table,1.100901489362e-4
SAMPLE,HOLDOUT,H10,D5:M15:K22:N7:R8:C7:P22:PANEL21:EXACT56:LANE1464:INDEX0,2,dense,5.836797142857e-4
SAMPLE,HOLDOUT,H10,D5:M15:K22:N7:R8:C7:P22:PANEL21:EXACT56:LANE1464:INDEX0,3,table,6.434274468085e-5
SAMPLE,HOLDOUT,H10,D5:M15:K22:N7:R8:C7:P22:PANEL21:EXACT56:LANE1464:INDEX0,3,dense,4.464538571429e-4
SAMPLE,HOLDOUT,H10,D5:M15:K22:N7:R8:C7:P22:PANEL21:EXACT56:LANE1464:INDEX0,4,table,6.409206382979e-5
SAMPLE,HOLDOUT,H10,D5:M15:K22:N7:R8:C7:P22:PANEL21:EXACT56:LANE1464:INDEX0,4,dense,4.497500000000e-4
SAMPLE,HOLDOUT,H10,D5:M15:K22:N7:R8:C7:P22:PANEL21:EXACT56:LANE1464:INDEX0,5,table,6.409693617021e-5
SAMPLE,HOLDOUT,H10,D5:M15:K22:N7:R8:C7:P22:PANEL21:EXACT56:LANE1464:INDEX0,5,dense,4.466827142857e-4
SAMPLE,HOLDOUT,H10,D5:M15:K22:N7:R8:C7:P22:PANEL21:EXACT56:LANE1464:INDEX0,6,table,6.551342553191e-5
SAMPLE,HOLDOUT,H10,D5:M15:K22:N7:R8:C7:P22:PANEL21:EXACT56:LANE1464:INDEX0,6,dense,4.462262857143e-4
SAMPLE,HOLDOUT,H10,D5:M15:K22:N7:R8:C7:P22:PANEL21:EXACT56:LANE1464:INDEX0,7,table,6.399891489362e-5
SAMPLE,HOLDOUT,H10,D5:M15:K22:N7:R8:C7:P22:PANEL21:EXACT56:LANE1464:INDEX0,7,dense,4.492718571429e-4
SAMPLE,HOLDOUT,H10,D5:M15:K22:N7:R8:C7:P22:PANEL21:EXACT56:LANE1464:INDEX0,8,table,6.517938297872e-5
SAMPLE,HOLDOUT,H10,D5:M15:K22:N7:R8:C7:P22:PANEL21:EXACT56:LANE1464:INDEX0,8,dense,4.471265714286e-4
HOLDOUT,H11,16,18,257,5,table,1.096455694e-3,1.996491450e-4,1.318627519e-3,2.429780154e-4,8.369175597e-1,6.179207106e-2,0.00190981692856356,0.004111737027258543,5,0,80,1285,0,2570,0,5140,2570,0,1542,75,1467,0,1542,0,23130,23130,2886,46582,810,4,3,8935141660703064064
SAMPLE,HOLDOUT,H11,D16:M18:K257:N5:R16:C2:P128:PANEL32:EXACT32:LANE32848:INDEX37,0,table,1.748013500000e-3
SAMPLE,HOLDOUT,H11,D16:M18:K257:N5:R16:C2:P128:PANEL32:EXACT32:LANE32848:INDEX37,0,dense,1.822461333333e-3
SAMPLE,HOLDOUT,H11,D16:M18:K257:N5:R16:C2:P128:PANEL32:EXACT32:LANE32848:INDEX37,1,table,1.247811500000e-3
SAMPLE,HOLDOUT,H11,D16:M18:K257:N5:R16:C2:P128:PANEL32:EXACT32:LANE32848:INDEX37,1,dense,1.925777333333e-3
SAMPLE,HOLDOUT,H11,D16:M18:K257:N5:R16:C2:P128:PANEL32:EXACT32:LANE32848:INDEX37,2,table,9.860635000000e-4
SAMPLE,HOLDOUT,H11,D16:M18:K257:N5:R16:C2:P128:PANEL32:EXACT32:LANE32848:INDEX37,2,dense,1.162965000000e-3
SAMPLE,HOLDOUT,H11,D16:M18:K257:N5:R16:C2:P128:PANEL32:EXACT32:LANE32848:INDEX37,3,table,9.802902500000e-4
SAMPLE,HOLDOUT,H11,D16:M18:K257:N5:R16:C2:P128:PANEL32:EXACT32:LANE32848:INDEX37,3,dense,1.170849666667e-3
SAMPLE,HOLDOUT,H11,D16:M18:K257:N5:R16:C2:P128:PANEL32:EXACT32:LANE32848:INDEX37,4,table,9.906772500000e-4
SAMPLE,HOLDOUT,H11,D16:M18:K257:N5:R16:C2:P128:PANEL32:EXACT32:LANE32848:INDEX37,4,dense,1.149640333333e-3
SAMPLE,HOLDOUT,H11,D16:M18:K257:N5:R16:C2:P128:PANEL32:EXACT32:LANE32848:INDEX37,5,table,9.829577500000e-4
SAMPLE,HOLDOUT,H11,D16:M18:K257:N5:R16:C2:P128:PANEL32:EXACT32:LANE32848:INDEX37,5,dense,1.174222666667e-3
SAMPLE,HOLDOUT,H11,D16:M18:K257:N5:R16:C2:P128:PANEL32:EXACT32:LANE32848:INDEX37,6,table,9.787900000000e-4
SAMPLE,HOLDOUT,H11,D16:M18:K257:N5:R16:C2:P128:PANEL32:EXACT32:LANE32848:INDEX37,6,dense,1.154102000000e-3
SAMPLE,HOLDOUT,H11,D16:M18:K257:N5:R16:C2:P128:PANEL32:EXACT32:LANE32848:INDEX37,7,table,9.760475000000e-4
SAMPLE,HOLDOUT,H11,D16:M18:K257:N5:R16:C2:P128:PANEL32:EXACT32:LANE32848:INDEX37,7,dense,1.151169666667e-3
SAMPLE,HOLDOUT,H11,D16:M18:K257:N5:R16:C2:P128:PANEL32:EXACT32:LANE32848:INDEX37,8,table,9.774500000000e-4
SAMPLE,HOLDOUT,H11,D16:M18:K257:N5:R16:C2:P128:PANEL32:EXACT32:LANE32848:INDEX37,8,dense,1.156459666667e-3
HOLDOUT,H12,256,9,273,129,table,2.483455444e-2,2.589697636e-3,7.933805222e-2,1.218503144e-2,3.213893644e-1,5.191423771e-2,0.006468895261655711,0.056262177141010485,129,0,2064,35217,0,70434,0,70434,0,2730,0,0,0,774,0,10,315846,316953,315846,703233,2322,1,1,4611685468671590400
SAMPLE,HOLDOUT,H12,D256:M9:K273:N129:R8:C32:P16:PANEL272:EXACT256:LANE33800:INDEX1153,0,table,2.611153500000e-2
SAMPLE,HOLDOUT,H12,D256:M9:K273:N129:R8:C32:P16:PANEL272:EXACT256:LANE33800:INDEX1153,0,dense,6.866311300000e-2
SAMPLE,HOLDOUT,H12,D256:M9:K273:N129:R8:C32:P16:PANEL272:EXACT256:LANE33800:INDEX1153,1,table,2.168813800000e-2
SAMPLE,HOLDOUT,H12,D256:M9:K273:N129:R8:C32:P16:PANEL272:EXACT256:LANE33800:INDEX1153,1,dense,7.143459000000e-2
SAMPLE,HOLDOUT,H12,D256:M9:K273:N129:R8:C32:P16:PANEL272:EXACT256:LANE33800:INDEX1153,2,table,2.165678000000e-2
SAMPLE,HOLDOUT,H12,D256:M9:K273:N129:R8:C32:P16:PANEL272:EXACT256:LANE33800:INDEX1153,2,dense,7.140930300000e-2
SAMPLE,HOLDOUT,H12,D256:M9:K273:N129:R8:C32:P16:PANEL272:EXACT256:LANE33800:INDEX1153,3,table,2.598466900000e-2
SAMPLE,HOLDOUT,H12,D256:M9:K273:N129:R8:C32:P16:PANEL272:EXACT256:LANE33800:INDEX1153,3,dense,7.469631200000e-2
SAMPLE,HOLDOUT,H12,D256:M9:K273:N129:R8:C32:P16:PANEL272:EXACT256:LANE33800:INDEX1153,4,table,2.466110100000e-2
SAMPLE,HOLDOUT,H12,D256:M9:K273:N129:R8:C32:P16:PANEL272:EXACT256:LANE33800:INDEX1153,4,dense,1.086768700000e-1
SAMPLE,HOLDOUT,H12,D256:M9:K273:N129:R8:C32:P16:PANEL272:EXACT256:LANE33800:INDEX1153,5,table,2.213845700000e-2
SAMPLE,HOLDOUT,H12,D256:M9:K273:N129:R8:C32:P16:PANEL272:EXACT256:LANE33800:INDEX1153,5,dense,7.822040300000e-2
SAMPLE,HOLDOUT,H12,D256:M9:K273:N129:R8:C32:P16:PANEL272:EXACT256:LANE33800:INDEX1153,6,table,2.947185100000e-2
SAMPLE,HOLDOUT,H12,D256:M9:K273:N129:R8:C32:P16:PANEL272:EXACT256:LANE33800:INDEX1153,6,dense,6.385113100000e-2
SAMPLE,HOLDOUT,H12,D256:M9:K273:N129:R8:C32:P16:PANEL272:EXACT256:LANE33800:INDEX1153,7,table,3.018775500000e-2
SAMPLE,HOLDOUT,H12,D256:M9:K273:N129:R8:C32:P16:PANEL272:EXACT256:LANE33800:INDEX1153,7,dense,1.040063340000e-1
SAMPLE,HOLDOUT,H12,D256:M9:K273:N129:R8:C32:P16:PANEL272:EXACT256:LANE33800:INDEX1153,8,table,2.161070400000e-2
SAMPLE,HOLDOUT,H12,D256:M9:K273:N129:R8:C32:P16:PANEL272:EXACT256:LANE33800:INDEX1153,8,dense,7.308441400000e-2
HOLDOUT_ROUTE_COUNTS,table=9,dense=3
SAMPLE,CONTROL,H13-B3-D3,B3:D3:M17:BLOCKS11:N7,0,table,6.534404000000e-4
SAMPLE,CONTROL,H13-B3-D3,B3:D3:M17:BLOCKS11:N7,0,dense,7.448562500000e-4
SAMPLE,CONTROL,H13-B3-D3,B3:D3:M17:BLOCKS11:N7,1,table,1.004040000000e-3
SAMPLE,CONTROL,H13-B3-D3,B3:D3:M17:BLOCKS11:N7,1,dense,1.127151500000e-3
SAMPLE,CONTROL,H13-B3-D3,B3:D3:M17:BLOCKS11:N7,2,table,9.931338000000e-4
SAMPLE,CONTROL,H13-B3-D3,B3:D3:M17:BLOCKS11:N7,2,dense,9.341417500000e-4
SAMPLE,CONTROL,H13-B3-D3,B3:D3:M17:BLOCKS11:N7,3,table,7.335036000000e-4
SAMPLE,CONTROL,H13-B3-D3,B3:D3:M17:BLOCKS11:N7,3,dense,1.160148250000e-3
SAMPLE,CONTROL,H13-B3-D3,B3:D3:M17:BLOCKS11:N7,4,table,1.696282600000e-3
SAMPLE,CONTROL,H13-B3-D3,B3:D3:M17:BLOCKS11:N7,4,dense,7.631880000000e-4
SAMPLE,CONTROL,H13-B3-D3,B3:D3:M17:BLOCKS11:N7,5,table,6.778520000000e-4
SAMPLE,CONTROL,H13-B3-D3,B3:D3:M17:BLOCKS11:N7,5,dense,7.356040000000e-4
SAMPLE,CONTROL,H13-B3-D3,B3:D3:M17:BLOCKS11:N7,6,table,6.822320000000e-4
SAMPLE,CONTROL,H13-B3-D3,B3:D3:M17:BLOCKS11:N7,6,dense,7.452862500000e-4
SAMPLE,CONTROL,H13-B3-D3,B3:D3:M17:BLOCKS11:N7,7,table,3.960446000000e-4
SAMPLE,CONTROL,H13-B3-D3,B3:D3:M17:BLOCKS11:N7,7,dense,5.044682500000e-4
SAMPLE,CONTROL,H13-B3-D3,B3:D3:M17:BLOCKS11:N7,8,table,3.932072000000e-4
SAMPLE,CONTROL,H13-B3-D3,B3:D3:M17:BLOCKS11:N7,8,dense,4.523510000000e-4
CONTROL,H13-B3-D3,3,3,798,462,22,66,57,0,2,1683,3927,8.033040222e-4,7.963550278e-4,1.019698604e0,3.578804095e-1
SAMPLE,CONTROL,H14-B5-D5,B5:D5:M9:BLOCKS7:N11,0,table,5.124738333333e-4
SAMPLE,CONTROL,H14-B5-D5,B5:D5:M9:BLOCKS7:N11,0,dense,6.002272000000e-4
SAMPLE,CONTROL,H14-B5-D5,B5:D5:M9:BLOCKS7:N11,1,table,5.668320000000e-4
SAMPLE,CONTROL,H14-B5-D5,B5:D5:M9:BLOCKS7:N11,1,dense,6.987468000000e-4
SAMPLE,CONTROL,H14-B5-D5,B5:D5:M9:BLOCKS7:N11,2,table,5.558130000000e-4
SAMPLE,CONTROL,H14-B5-D5,B5:D5:M9:BLOCKS7:N11,2,dense,6.209798000000e-4
SAMPLE,CONTROL,H14-B5-D5,B5:D5:M9:BLOCKS7:N11,3,table,3.436958333333e-4
SAMPLE,CONTROL,H14-B5-D5,B5:D5:M9:BLOCKS7:N11,3,dense,7.051366000000e-4
SAMPLE,CONTROL,H14-B5-D5,B5:D5:M9:BLOCKS7:N11,4,table,3.229188333333e-4
SAMPLE,CONTROL,H14-B5-D5,B5:D5:M9:BLOCKS7:N11,4,dense,4.188250000000e-4
SAMPLE,CONTROL,H14-B5-D5,B5:D5:M9:BLOCKS7:N11,5,table,3.287378333333e-4
SAMPLE,CONTROL,H14-B5-D5,B5:D5:M9:BLOCKS7:N11,5,dense,4.168872000000e-4
SAMPLE,CONTROL,H14-B5-D5,B5:D5:M9:BLOCKS7:N11,6,table,3.409473333333e-4
SAMPLE,CONTROL,H14-B5-D5,B5:D5:M9:BLOCKS7:N11,6,dense,4.391386000000e-4
SAMPLE,CONTROL,H14-B5-D5,B5:D5:M9:BLOCKS7:N11,7,table,3.229756666667e-4
SAMPLE,CONTROL,H14-B5-D5,B5:D5:M9:BLOCKS7:N11,7,dense,4.197386000000e-4
SAMPLE,CONTROL,H14-B5-D5,B5:D5:M9:BLOCKS7:N11,8,table,3.966545000000e-4
SAMPLE,CONTROL,H14-B5-D5,B5:D5:M9:BLOCKS7:N11,8,dense,6.206592000000e-4
CONTROL,H14-B5-D5,5,5,1232,770,14,70,54,0,2,1575,3465,4.101165370e-4,5.489265556e-4,7.546674472e-1,9.399405060e-2
ok

test result: ok. 1 passed; 0 failed; 0 ignored; 0 measured; 2 filtered out; finished in 5.22s
